[
  {
    "artistName": "ScHoolboy Q",
    "segment": "Previously Active Listeners"
  },
  {
    "artistName": "Sonder",
    "segment": "Previously Active Listeners"
  },
  {
    "artistName": "Caroline Polachek",
    "segment": "Light listeners"
  },
  {
    "artistName": "El Michels Affair",
    "segment": "Moderate listeners"
  },
  {
    "artistName": "Jacob Banks",
    "segment": "Previously Active Listeners"
  },
  {
    "artistName": "Silk Sonic",
    "segment": "Moderate listeners"
  },
  {
    "artistName": "Jon Batiste",
    "segment": "Previously Active Listeners"
  },
  {
    "artistName": "Cardi B",
    "segment": "Light listeners"
  },
  {
    "artistName": "Vundabar",
    "segment": "Previously Active Listeners"
  },
  {
    "artistName": "Kali Uchis",
    "segment": "Super Listeners"
  },
  {
    "artistName": "Tame Impala",
    "segment": "Previously Active Listeners"
  },
  {
    "artistName": "6LACK",
    "segment": "Previously Active Listeners"
  },
  {
    "artistName": "Hot Freaks",
    "segment": "Previously Active Listeners"
  },
  {
    "artistName": "Bas",
    "segment": "Previously Active Listeners"
  },
  {
    "artistName": "Saba",
    "segment": "Light listeners"
  },
  {
    "artistName": "Jimmy Eat World",
    "segment": "Previously Active Listeners"
  },
  {
    "artistName": "Steve Balsamo",
    "segment": "Previously Active Listeners"
  },
  {
    "artistName": "Brent Faiyaz",
    "segment": "Light listeners"
  },
  {
    "artistName": "Jorja Smith",
    "segment": "Previously Active Listeners"
  },
  {
    "artistName": "Ab-Soul",
    "segment": "Previously Active Listeners"
  },
  {
    "artistName": "‘Jesus Christ Superstar’ 1996 London Cast",
    "segment": "Previously Active Listeners"
  },
  {
    "artistName": "Metro Boomin",
    "segment": "Previously Active Listeners"
  },
  {
    "artistName": "The Lumineers",
    "segment": "Previously Active Listeners"
  },
  {
    "artistName": "9th Wonder",
    "segment": "Moderate listeners"
  },
  {
    "artistName": "Sherwyn",
    "segment": "Previously Active Listeners"
  },
  {
    "artistName": "Leon Bridges",
    "segment": "Light listeners"
  },
  {
    "artistName": "Noah Cyrus",
    "segment": "Previously Active Listeners"
  },
  {
    "artistName": "Maroon 5",
    "segment": "Previously Active Listeners"
  },
  {
    "artistName": "Isaiah Rashad",
    "segment": "Previously Active Listeners"
  },
  {
    "artistName": "Busta Rhymes",
    "segment": "Previously Active Listeners"
  },
  {
    "artistName": "Clipse",
    "segment": "Previously Active Listeners"
  },
  {
    "artistName": "Kenny Mason",
    "segment": "Light listeners"
  },
  {
    "artistName": "Sampha",
    "segment": "Super Listeners"
  },
  {
    "artistName": "unkown t",
    "segment": "Previously Active Listeners"
  },
  {
    "artistName": "Dreamville",
    "segment": "Previously Active Listeners"
  },
  {
    "artistName": "The Killers",
    "segment": "Previously Active Listeners"
  },
  {
    "artistName": "NxWorries",
    "segment": "Moderate listeners"
  },
  {
    "artistName": "Bootsy Collins",
    "segment": "Previously Active Listeners"
  },
  {
    "artistName": "H.E.R.",
    "segment": "Light listeners"
  },
  {
    "artistName": "SZA",
    "segment": "Moderate listeners"
  },
  {
    "artistName": "The Putbacks",
    "segment": "Previously Active Listeners"
  },
  {
    "artistName": "Genesis Owusu",
    "segment": "Previously Active Listeners"
  },
  {
    "artistName": "Frank Ocean",
    "segment": "Previously Active Listeners"
  },
  {
    "artistName": "A$AP Rocky",
    "segment": "Previously Active Listeners"
  },
  {
    "artistName": "Hobo Johnson",
    "segment": "Previously Active Listeners"
  },
  {
    "artistName": "Benny The Butcher",
    "segment": "Previously Active Listeners"
  },
  {
    "artistName": "Chloe x Halle",
    "segment": "Light listeners"
  },
  {
    "artistName": "Ghostface Killah",
    "segment": "Previously Active Listeners"
  },
  {
    "artistName": "Silvana Estrada",
    "segment": "Previously Active Listeners"
  },
  {
    "artistName": "Dahi",
    "segment": "Previously Active Listeners"
  },
  {
    "artistName": "Rex Orange County",
    "segment": "Previously Active Listeners"
  },
  {
    "artistName": "Yebba",
    "segment": "Previously Active Listeners"
  },
  {
    "artistName": "Steely Dan",
    "segment": "Previously Active Listeners"
  },
  {
    "artistName": "Hit-Boy",
    "segment": "Previously Active Listeners"
  },
  {
    "artistName": "Nirvana",
    "segment": "Previously Active Listeners"
  },
  {
    "artistName": "Harry Styles",
    "segment": "Previously Active Listeners"
  },
  {
    "artistName": "Denzel Curry",
    "segment": "Moderate listeners"
  },
  {
    "artistName": "Teyana Taylor",
    "segment": "Previously Active Listeners"
  },
  {
    "artistName": "Ty Dolla $ign",
    "segment": "Previously Active Listeners"
  },
  {
    "artistName": "Macklemore",
    "segment": "Previously Active Listeners"
  },
  {
    "artistName": "A Tribe Called Quest",
    "segment": "Light listeners"
  },
  {
    "artistName": "RIOPY",
    "segment": "Light listeners"
  },
  {
    "artistName": "Mega Mango",
    "segment": "Previously Active Listeners"
  },
  {
    "artistName": "Malaya",
    "segment": "Previously Active Listeners"
  },
  {
    "artistName": "Sheck Wes",
    "segment": "Previously Active Listeners"
  },
  {
    "artistName": "Summer Walker",
    "segment": "Moderate listeners"
  },
  {
    "artistName": "Obongjayar",
    "segment": "Previously Active Listeners"
  },
  {
    "artistName": "Jae Skeese",
    "segment": "Previously Active Listeners"
  },
  {
    "artistName": "21 Savage",
    "segment": "Previously Active Listeners"
  },
  {
    "artistName": "Shygirl",
    "segment": "Previously Active Listeners"
  },
  {
    "artistName": "Dot Da Genius",
    "segment": "Previously Active Listeners"
  },
  {
    "artistName": "Eden Project",
    "segment": "Previously Active Listeners"
  },
  {
    "artistName": "No Malice",
    "segment": "Previously Active Listeners"
  },
  {
    "artistName": "Flozigg",
    "segment": "Previously Active Listeners"
  },
  {
    "artistName": "FEET",
    "segment": "Previously Active Listeners"
  },
  {
    "artistName": "Little Simz",
    "segment": "Super Listeners"
  },
  {
    "artistName": "Bon Iver",
    "segment": "Light listeners"
  },
  {
    "artistName": "Snoh Aalegra",
    "segment": "Previously Active Listeners"
  },
  {
    "artistName": "Sudan Archives",
    "segment": "Moderate listeners"
  },
  {
    "artistName": "Rebecca Black",
    "segment": "Previously Active Listeners"
  },
  {
    "artistName": "PJ Morton",
    "segment": "Previously Active Listeners"
  },
  {
    "artistName": "Post Malone",
    "segment": "Previously Active Listeners"
  },
  {
    "artistName": "GAYLE",
    "segment": "Previously Active Listeners"
  },
  {
    "artistName": "Lil Wayne",
    "segment": "Previously Active Listeners"
  },
  {
    "artistName": "Freddie Gibbs",
    "segment": "Previously Active Listeners"
  },
  {
    "artistName": "Tyler, The Creator",
    "segment": "Previously Active Listeners"
  },
  {
    "artistName": "BJ The Chicago Kid",
    "segment": "Previously Active Listeners"
  },
  {
    "artistName": "Pa Salieu",
    "segment": "Previously Active Listeners"
  },
  {
    "artistName": "Michael Kiwanuka",
    "segment": "Moderate listeners"
  },
  {
    "artistName": "TOBi",
    "segment": "Previously Active Listeners"
  },
  {
    "artistName": "John Mayer",
    "segment": "Previously Active Listeners"
  },
  {
    "artistName": "slowthai",
    "segment": "Previously Active Listeners"
  },
  {
    "artistName": "Rema",
    "segment": "Light listeners"
  },
  {
    "artistName": "Daniel Caesar",
    "segment": "Moderate listeners"
  },
  {
    "artistName": "Lupe Fiasco",
    "segment": "Previously Active Listeners"
  },
  {
    "artistName": "Baby Tate",
    "segment": "Previously Active Listeners"
  },
  {
    "artistName": "Tinashe",
    "segment": "Moderate listeners"
  },
  {
    "artistName": "Dijon",
    "segment": "Light listeners"
  },
  {
    "artistName": "TV Girl",
    "segment": "Previously Active Listeners"
  },
  {
    "artistName": "Lizzo",
    "segment": "Previously Active Listeners"
  },
  {
    "artistName": "Baby Rose",
    "segment": "Previously Active Listeners"
  },
  {
    "artistName": "T.I.",
    "segment": "Previously Active Listeners"
  },
  {
    "artistName": "FKJ",
    "segment": "Previously Active Listeners"
  },
  {
    "artistName": "Danger Mouse",
    "segment": "Moderate listeners"
  },
  {
    "artistName": "Dazey and the Scouts",
    "segment": "Previously Active Listeners"
  },
  {
    "artistName": "Black Thought",
    "segment": "Moderate listeners"
  },
  {
    "artistName": "Ricky Reed",
    "segment": "Previously Active Listeners"
  },
  {
    "artistName": "St. Panther",
    "segment": "Previously Active Listeners"
  },
  {
    "artistName": "Mitski",
    "segment": "Previously Active Listeners"
  },
  {
    "artistName": "Father John Misty",
    "segment": "Previously Active Listeners"
  },
  {
    "artistName": "Dpat",
    "segment": "Previously Active Listeners"
  },
  {
    "artistName": "Sophia Anne Caruso",
    "segment": "Previously Active Listeners"
  },
  {
    "artistName": "Childish Gambino",
    "segment": "Previously Active Listeners"
  },
  {
    "artistName": "The Weeknd",
    "segment": "Previously Active Listeners"
  },
  {
    "artistName": "Mustafa",
    "segment": "Previously Active Listeners"
  },
  {
    "artistName": "Pusha T",
    "segment": "Moderate listeners"
  },
  {
    "artistName": "Kendrick Lamar",
    "segment": "Moderate listeners"
  },
  {
    "artistName": "Radiator Hospital",
    "segment": "Previously Active Listeners"
  },
  {
    "artistName": "Spillage Village",
    "segment": "Previously Active Listeners"
  },
  {
    "artistName": "Lucky Daye",
    "segment": "Previously Active Listeners"
  },
  {
    "artistName": "Dog Tapper",
    "segment": "Previously Active Listeners"
  },
  {
    "artistName": "Macklemore & Ryan Lewis",
    "segment": "Previously Active Listeners"
  },
  {
    "artistName": "Pete Gallagher",
    "segment": "Previously Active Listeners"
  },
  {
    "artistName": "Fousheé",
    "segment": "Previously Active Listeners"
  },
  {
    "artistName": "Lola Young",
    "segment": "Previously Active Listeners"
  },
  {
    "artistName": "Fatman Scoop",
    "segment": "Previously Active Listeners"
  },
  {
    "artistName": "Glass Animals",
    "segment": "Previously Active Listeners"
  },
  {
    "artistName": "Gaidaa",
    "segment": "Previously Active Listeners"
  },
  {
    "artistName": "Noah Kahan",
    "segment": "Light listeners"
  },
  {
    "artistName": "Knxwledge",
    "segment": "Moderate listeners"
  },
  {
    "artistName": "Chlöe",
    "segment": "Light listeners"
  },
  {
    "artistName": "Crosby, Stills & Nash",
    "segment": "Previously Active Listeners"
  },
  {
    "artistName": "Khalid",
    "segment": "Previously Active Listeners"
  },
  {
    "artistName": "Beetlejuice Original Broadway Cast Recording Ensemble",
    "segment": "Previously Active Listeners"
  },
  {
    "artistName": "Sam Dew",
    "segment": "Previously Active Listeners"
  },
  {
    "artistName": "Black Eyed Peas",
    "segment": "Previously Active Listeners"
  },
  {
    "artistName": "Rexx Life Raj",
    "segment": "Previously Active Listeners"
  },
  {
    "artistName": "Alewya",
    "segment": "Previously Active Listeners"
  },
  {
    "artistName": "Beanie Sigel",
    "segment": "Previously Active Listeners"
  },
  {
    "artistName": "Baby Keem",
    "segment": "Light listeners"
  },
  {
    "artistName": "Swae Lee",
    "segment": "Previously Active Listeners"
  },
  {
    "artistName": "Rina Sawayama",
    "segment": "Previously Active Listeners"
  },
  {
    "artistName": "Don Toliver",
    "segment": "Previously Active Listeners"
  },
  {
    "artistName": "Keisha Plum",
    "segment": "Previously Active Listeners"
  },
  {
    "artistName": "Conway the Machine",
    "segment": "Previously Active Listeners"
  },
  {
    "artistName": "Idina Menzel",
    "segment": "Previously Active Listeners"
  },
  {
    "artistName": "The Beatles",
    "segment": "Previously Active Listeners"
  },
  {
    "artistName": "Justin Bieber",
    "segment": "Previously Active Listeners"
  },
  {
    "artistName": "FKA twigs",
    "segment": "Light listeners"
  },
  {
    "artistName": "Maxo Kream",
    "segment": "Previously Active Listeners"
  },
  {
    "artistName": "Still Woozy",
    "segment": "Previously Active Listeners"
  },
  {
    "artistName": "James Blake",
    "segment": "Previously Active Listeners"
  },
  {
    "artistName": "Kal Banx",
    "segment": "Previously Active Listeners"
  },
  {
    "artistName": "Nigo",
    "segment": "Previously Active Listeners"
  },
  {
    "artistName": "Chris Stapleton",
    "segment": "Moderate listeners"
  },
  {
    "artistName": "Kenyon Dixon",
    "segment": "Previously Active Listeners"
  },
  {
    "artistName": "Future",
    "segment": "Previously Active Listeners"
  },
  {
    "artistName": "Steve Lacy",
    "segment": "Previously Active Listeners"
  },
  {
    "artistName": "Matt Martians",
    "segment": "Previously Active Listeners"
  },
  {
    "artistName": "Karriem Riggins",
    "segment": "Light listeners"
  },
  {
    "artistName": "Mac DeMarco",
    "segment": "Previously Active Listeners"
  },
  {
    "artistName": "serpentwithfeet",
    "segment": "Previously Active Listeners"
  },
  {
    "artistName": "Liv.e",
    "segment": "Previously Active Listeners"
  },
  {
    "artistName": "Queens of the Stone Age",
    "segment": "Previously Active Listeners"
  },
  {
    "artistName": "Lil Yachty",
    "segment": "Moderate listeners"
  },
  {
    "artistName": "Kodak Black",
    "segment": "Light listeners"
  },
  {
    "artistName": "Kenny Segal",
    "segment": "Previously Active Listeners"
  },
  {
    "artistName": "Kacey Musgraves",
    "segment": "Light listeners"
  },
  {
    "artistName": "DAV",
    "segment": "Previously Active Listeners"
  },
  {
    "artistName": "DOMi & JD BECK",
    "segment": "Previously Active Listeners"
  },
  {
    "artistName": "Hailee Steinfeld",
    "segment": "Previously Active Listeners"
  },
  {
    "artistName": "Playboi Carti",
    "segment": "Previously Active Listeners"
  },
  {
    "artistName": "Ms. Lauryn Hill",
    "segment": "Moderate listeners"
  },
  {
    "artistName": "Amanda Reifer",
    "segment": "Previously Active Listeners"
  },
  {
    "artistName": "The War and Treaty",
    "segment": "Light listeners"
  },
  {
    "artistName": "Tre' Amani",
    "segment": "Light listeners"
  },
  {
    "artistName": "Andrew Lloyd Webber",
    "segment": "Previously Active Listeners"
  },
  {
    "artistName": "Beyoncé",
    "segment": "Moderate listeners"
  },
  {
    "artistName": "Daft Punk",
    "segment": "Previously Active Listeners"
  },
  {
    "artistName": "Imogen Heap",
    "segment": "Previously Active Listeners"
  },
  {
    "artistName": "COLDKiDCLUB",
    "segment": "Previously Active Listeners"
  },
  {
    "artistName": "Axwell /\\ Ingrosso",
    "segment": "Previously Active Listeners"
  },
  {
    "artistName": "Ella Mai",
    "segment": "Previously Active Listeners"
  },
  {
    "artistName": "Janet Jackson",
    "segment": "Previously Active Listeners"
  },
  {
    "artistName": "redveil",
    "segment": "Previously Active Listeners"
  },
  {
    "artistName": "Keite Young",
    "segment": "Previously Active Listeners"
  },
  {
    "artistName": "Rick Ross",
    "segment": "Previously Active Listeners"
  },
  {
    "artistName": "Robert Glasper",
    "segment": "Moderate listeners"
  },
  {
    "artistName": "Anderson .Paak",
    "segment": "Super Listeners"
  },
  {
    "artistName": "Kelly Price",
    "segment": "Previously Active Listeners"
  },
  {
    "artistName": "7xvethegenius",
    "segment": "Previously Active Listeners"
  },
  {
    "artistName": "Omar Apollo",
    "segment": "Previously Active Listeners"
  },
  {
    "artistName": "T-Pain",
    "segment": "Previously Active Listeners"
  },
  {
    "artistName": "DRAM",
    "segment": "Previously Active Listeners"
  },
  {
    "artistName": "Dinner Party",
    "segment": "Moderate listeners"
  },
  {
    "artistName": "Young Wabo",
    "segment": "Previously Active Listeners"
  },
  {
    "artistName": "Westside Gunn",
    "segment": "Previously Active Listeners"
  },
  {
    "artistName": "NOT THE TWOS",
    "segment": "Previously Active Listeners"
  },
  {
    "artistName": "Blxst",
    "segment": "Previously Active Listeners"
  },
  {
    "artistName": "Tems",
    "segment": "Light listeners"
  },
  {
    "artistName": "Kevin Walkman",
    "segment": "Previously Active Listeners"
  },
  {
    "artistName": "Grimes",
    "segment": "Previously Active Listeners"
  },
  {
    "artistName": "Kristin Chenoweth",
    "segment": "Previously Active Listeners"
  },
  {
    "artistName": "Wizkid",
    "segment": "Light listeners"
  },
  {
    "artistName": "Joey Bada$$",
    "segment": "Previously Active Listeners"
  },
  {
    "artistName": "Ari Lennox",
    "segment": "Moderate listeners"
  },
  {
    "artistName": "HVN",
    "segment": "Previously Active Listeners"
  },
  {
    "artistName": "Thundercat",
    "segment": "Previously Active Listeners"
  },
  {
    "artistName": "billy woods",
    "segment": "Previously Active Listeners"
  },
  {
    "artistName": "Khruangbin",
    "segment": "Previously Active Listeners"
  },
  {
    "artistName": "Tiana Major9",
    "segment": "Previously Active Listeners"
  },
  {
    "artistName": "Danny Brown",
    "segment": "Previously Active Listeners"
  },
  {
    "artistName": "Doja Cat",
    "segment": "Light listeners"
  },
  {
    "artistName": "Dystopia",
    "segment": "Previously Active Listeners"
  },
  {
    "artistName": "Tanna Leone",
    "segment": "Previously Active Listeners"
  },
  {
    "artistName": "Dido",
    "segment": "Previously Active Listeners"
  },
  {
    "artistName": "Paramore",
    "segment": "Previously Active Listeners"
  },
  {
    "artistName": "Dixon Dallas",
    "segment": "Previously Active Listeners"
  },
  {
    "artistName": "Natalia Lafourcade",
    "segment": "Previously Active Listeners"
  },
  {
    "artistName": "Disclosure",
    "segment": "Previously Active Listeners"
  },
  {
    "artistName": "[ K S R ]",
    "segment": "Previously Active Listeners"
  },
  {
    "artistName": "Ryan Lewis",
    "segment": "Previously Active Listeners"
  },
  {
    "artistName": "Kelela",
    "segment": "Previously Active Listeners"
  },
  {
    "artistName": "Injury Reserve",
    "segment": "Previously Active Listeners"
  },
  {
    "artistName": "The Internet",
    "segment": "Previously Active Listeners"
  },
  {
    "artistName": "JID",
    "segment": "Moderate listeners"
  },
  {
    "artistName": "Masego",
    "segment": "Previously Active Listeners"
  },
  {
    "artistName": "Tierra Whack",
    "segment": "Previously Active Listeners"
  },
  {
    "artistName": "Bebe Rexha",
    "segment": "Previously Active Listeners"
  },
  {
    "artistName": "Jeff Rosenstock",
    "segment": "Previously Active Listeners"
  },
  {
    "artistName": "Doechii",
    "segment": "Previously Active Listeners"
  },
  {
    "artistName": "EARTHGANG",
    "segment": "Light listeners"
  },
  {
    "artistName": "Taylour Paige",
    "segment": "Previously Active Listeners"
  },
  {
    "artistName": "Elton John",
    "segment": "Previously Active Listeners"
  },
  {
    "artistName": "Zach Bryan",
    "segment": "Super Listeners"
  },
  {
    "artistName": "Coi Leray",
    "segment": "Previously Active Listeners"
  },
  {
    "artistName": "The Kid LAROI",
    "segment": "Previously Active Listeners"
  },
  {
    "artistName": "Vince Staples",
    "segment": "Previously Active Listeners"
  },
  {
    "artistName": "Mac Miller",
    "segment": "Moderate listeners"
  },
  {
    "artistName": "Phoelix",
    "segment": "Previously Active Listeners"
  },
  {
    "artistName": "Lana Del Rey",
    "segment": "Moderate listeners"
  },
  {
    "artistName": "J. Cole",
    "segment": "Light listeners"
  },
  {
    "artistName": "Halsey",
    "segment": "Previously Active Listeners"
  },
  {
    "artistName": "Various Artists",
    "segment": "Previously Active Listeners"
  },
  {
    "artistName": "Amber Mark",
    "segment": "Moderate listeners"
  },
  {
    "artistName": "Jill Scott",
    "segment": "Previously Active Listeners"
  },
  {
    "artistName": "Offset",
    "segment": "Previously Active Listeners"
  },
  {
    "artistName": "Jungle",
    "segment": "Previously Active Listeners"
  },
  {
    "artistName": "Lovejoy",
    "segment": "Previously Active Listeners"
  },
  {
    "artistName": "Drake",
    "segment": "Previously Active Listeners"
  },
  {
    "artistName": "Neon Trees",
    "segment": "Previously Active Listeners"
  },
  {
    "artistName": "Snoop Dogg",
    "segment": "Previously Active Listeners"
  },
  {
    "artistName": "LOONY",
    "segment": "Previously Active Listeners"
  },
  {
    "artistName": "Radiohead",
    "segment": "Previously Active Listeners"
  },
  {
    "artistName": "Bruno Mars",
    "segment": "Moderate listeners"
  },
  {
    "artistName": "Tory Lanez",
    "segment": "Previously Active Listeners"
  },
  {
    "artistName": "WILLIS",
    "segment": "Previously Active Listeners"
  },
  {
    "artistName": "Saul Williams",
    "segment": "Previously Active Listeners"
  },
  {
    "artistName": "Tobe Nwigwe",
    "segment": "Previously Active Listeners"
  },
  {
    "artistName": "Cautious Clay",
    "segment": "Light listeners"
  },
  {
    "artistName": "Powers Pleasant",
    "segment": "Previously Active Listeners"
  },
  {
    "artistName": "The Strike",
    "segment": "Previously Active Listeners"
  },
  {
    "artistName": "Dua Lipa",
    "segment": "Light listeners"
  },
  {
    "artistName": "Terrace Martin",
    "segment": "Moderate listeners"
  },
  {
    "artistName": "Quelle Chris",
    "segment": "Previously Active Listeners"
  },
  {
    "artistName": "Florida Georgia Line",
    "segment": "Previously Active Listeners"
  },
  {
    "artistName": "Lord Byron",
    "segment": "Previously Active Listeners"
  },
  {
    "artistName": "Nas",
    "segment": "Moderate listeners"
  },
  {
    "artistName": "Bridget Perez",
    "segment": "Previously Active Listeners"
  },
  {
    "artistName": "DeJ Loaf",
    "segment": "Previously Active Listeners"
  },
  {
    "artistName": "Travis Scott",
    "segment": "Light listeners"
  },
  {
    "artistName": "HYBS",
    "segment": "Previously Active Listeners"
  },
  {
    "artistName": "Judas and the Black Messiah",
    "segment": "Previously Active Listeners"
  },
  {
    "artistName": "Kid Cudi",
    "segment": "Previously Active Listeners"
  },
  {
    "artistName": "Eddie Perfect",
    "segment": "Previously Active Listeners"
  },
  {
    "artistName": "L'Rain",
    "segment": "Previously Active Listeners"
  },
  {
    "artistName": "Sam Cooke",
    "segment": "Previously Active Listeners"
  },
  {
    "artistName": "Wallo267",
    "segment": "Previously Active Listeners"
  },
  {
    "artistName": "JPEGMAFIA",
    "segment": "Previously Active Listeners"
  },
  {
    "artistName": "Kamasi Washington",
    "segment": "Moderate listeners"
  },
  {
    "artistName": "Joesef",
    "segment": "Previously Active Listeners"
  },
  {
    "artistName": "VIC MENSA",
    "segment": "Previously Active Listeners"
  },
  {
    "artistName": "boygenius",
    "segment": "Previously Active Listeners"
  },
  {
    "artistName": "David Burt",
    "segment": "Previously Active Listeners"
  },
  {
    "artistName": "SIX",
    "segment": "Previously Active Listeners"
  },
  {
    "artistName": "Papi Beatz",
    "segment": "Previously Active Listeners"
  },
  {
    "artistName": "Kirin J Callinan",
    "segment": "Previously Active Listeners"
  },
  {
    "artistName": "Stormzy",
    "segment": "Previously Active Listeners"
  },
  {
    "artistName": "Kings of Leon",
    "segment": "Previously Active Listeners"
  },
  {
    "artistName": "Lil Uzi Vert",
    "segment": "Previously Active Listeners"
  },
  {
    "artistName": "Punch",
    "segment": "Previously Active Listeners"
  },
  {
    "artistName": "Zacari",
    "segment": "Previously Active Listeners"
  },
  {
    "artistName": "Lil Durk",
    "segment": "Light listeners"
  },
  {
    "artistName": "Gesaffelstein",
    "segment": "Previously Active Listeners"
  },
  {
    "artistName": "Clams Casino",
    "segment": "Previously Active Listeners"
  },
  {
    "artistName": "Outasight",
    "segment": "Previously Active Listeners"
  },
  {
    "artistName": "SoFaygo",
    "segment": "Previously Active Listeners"
  },
  {
    "artistName": "SG Lewis",
    "segment": "Previously Active Listeners"
  },
  {
    "artistName": "KIDS SEE GHOSTS",
    "segment": "Previously Active Listeners"
  },
  {
    "artistName": "Billie Eilish",
    "segment": "Moderate listeners"
  },
  {
    "artistName": "corto.alto",
    "segment": "Previously Active Listeners"
  },
  {
    "artistName": "Remi Wolf",
    "segment": "Previously Active Listeners"
  },
  {
    "artistName": "SYML",
    "segment": "Moderate listeners"
  },
  {
    "artistName": "Bleachers",
    "segment": "Previously Active Listeners"
  },
  {
    "artistName": "Smino",
    "segment": "Moderate listeners"
  },
  {
    "artistName": "Novel",
    "segment": "Previously Active Listeners"
  },
  {
    "artistName": "Pharrell Williams",
    "segment": "Light listeners"
  },
  {
    "artistName": "Janelle Monáe",
    "segment": "Previously Active Listeners"
  },
  {
    "artistName": "Giveon",
    "segment": "Light listeners"
  },
  {
    "artistName": "Mustard Service",
    "segment": "Previously Active Listeners"
  },
  {
    "artistName": "C418",
    "segment": "Previously Active Listeners"
  },
  {
    "artistName": "RadPanda",
    "segment": "Previously Active Listeners"
  },
  {
    "artistName": "Katy Perry",
    "segment": "Previously Active Listeners"
  },
  {
    "artistName": "Taylor Swift",
    "segment": "Previously Active Listeners"
  },
  {
    "artistName": "snuffles",
    "segment": "Previously Active Listeners"
  },
  {
    "artistName": "Navy Blue",
    "segment": "Previously Active Listeners"
  },
  {
    "artistName": "Lianne La Havas",
    "segment": "Moderate listeners"
  },
  {
    "artistName": "Jazmine Sullivan",
    "segment": "Moderate listeners"
  },
  {
    "artistName": "Syd",
    "segment": "Previously Active Listeners"
  },
  {
    "artistName": "Andrew Bird",
    "segment": "Previously Active Listeners"
  },
  {
    "artistName": "Sierra Ferrell",
    "segment": "Light listeners"
  },
  {
    "artistName": "Musiq Soulchild",
    "segment": "Previously Active Listeners"
  },
  {
    "artistName": "Cruza",
    "segment": "Previously Active Listeners"
  },
  {
    "artistName": "Yola",
    "segment": "Light listeners"
  },
  {
    "artistName": "Kryptonyte",
    "segment": "Previously Active Listeners"
  },
  {
    "artistName": "Kenny Beats",
    "segment": "Previously Active Listeners"
  },
  {
    "artistName": "The Strokes",
    "segment": "Previously Active Listeners"
  },
  {
    "artistName": "Stephen Schwartz",
    "segment": "Previously Active Listeners"
  },
  {
    "artistName": "Car Seat Headrest",
    "segment": "Light listeners"
  },
  {
    "artistName": "JAY-Z",
    "segment": "Light listeners"
  },
  {
    "artistName": "Nicki Minaj",
    "segment": "Previously Active Listeners"
  },
  {
    "artistName": "Tommy Genesis",
    "segment": "Light listeners"
  },
  {
    "artistName": "bby",
    "segment": "Previously Active Listeners"
  },
  {
    "artistName": "Brainstory",
    "segment": "Previously Active Listeners"
  },
  {
    "artistName": "Kanye West",
    "segment": "Light listeners"
  }
]