[
  {
    "id": "gid://shopify/Order/5233127325971",
    "createdAt": "2022-12-26T02:42:16Z",
    "updatedAt": "2023-01-17T20:27:23Z",
    "customAttributes": [
      {
        "key": "artist_uri",
        "value": "spotify:artist:1ybINI1qPiFbwDXamRtwxD"
      },
      {
        "key": "medium",
        "value": "app"
      },
      {
        "key": "content",
        "value": "artiststore"
      },
      {
        "key": "source",
        "value": "spotify"
      },
      {
        "key": "spotify_sp_t",
        "value": "bdc6f07981bdcf5a1e9fd42f0e47b7a0"
      }
    ],
    "currencyCode": "USD",
    "currentTotalPriceSet": {
      "amount": "51.34",
      "currencyCode": "USD"
    },
    "shopifyDomain": "smino-store.myshopify.com",
    "customerLocale": "en",
    "displayFulfillmentStatus": "FULFILLED",
    "displayFinancialStatus": "PAID",
    "lineItems": [
      {
        "id": "gid://shopify/LineItem/13693342974227",
        "name": "Billy Blue Tee - L",
        "title": "Billy Blue Tee",
        "originalTotalSet": {
          "amount": "40.0",
          "currencyCode": "USD"
        },
        "totalDiscountSet": {
          "amount": "0.0",
          "currencyCode": "USD"
        },
        "orderId": "gid://shopify/Order/5233127325971",
        "shopifyDomain": "smino-store.myshopify.com",
        "fulfillmentStatus": "fulfilled",
        "sales": [
          {
            "id": "gid://shopify/Sale/17185464353043",
            "actionType": "ORDER",
            "lineType": "PRODUCT",
            "quantity": 1,
            "lineItem": {
              "id": "gid://shopify/LineItem/13693342974227"
            },
            "totalAmount": {
              "amount": "43.2",
              "currencyCode": "USD"
            },
            "totalTaxAmount": {
              "amount": "3.2",
              "currencyCode": "USD"
            },
            "totalDiscountAmountBeforeTaxes": {
              "amount": "0.0",
              "currencyCode": "USD"
            },
            "totalDiscountAmountAfterTaxes": {
              "amount": "0.0",
              "currencyCode": "USD"
            },
            "taxes": [
              {
                "id": "gid://shopify/Sale/22194153357587",
                "amount": {
                  "amount": "2.5",
                  "currencyCode": "USD"
                },
                "taxLine": {
                  "title": "Illinois State Tax"
                }
              },
              {
                "id": "gid://shopify/Sale/22194153390355",
                "amount": {
                  "amount": "0.3",
                  "currencyCode": "USD"
                },
                "taxLine": {
                  "title": "Kane County Tax"
                }
              },
              {
                "id": "gid://shopify/Sale/22194153423123",
                "amount": {
                  "amount": "0.4",
                  "currencyCode": "USD"
                },
                "taxLine": {
                  "title": "Batavia City Tax"
                }
              }
            ]
          }
        ]
      }
    ]
  }
]