[
  {
    "platform" : "",
    "searchTime" : "2023-11-13T00:17:57.323Z[UTC]",
    "searchQuery" : "s",
    "searchInteractionURIs" : [
    ]
  },
  {
    "platform" : "",
    "searchTime" : "2023-11-13T00:17:57.365Z[UTC]",
    "searchQuery" : "sp",
    "searchInteractionURIs" : [
    ]
  },
  {
    "platform" : "",
    "searchTime" : "2023-11-13T00:17:57.409Z[UTC]",
    "searchQuery" : "s",
    "searchInteractionURIs" : [
    ]
  },
  {
    "platform" : "",
    "searchTime" : "2023-11-13T00:17:57.450Z[UTC]",
    "searchQuery" : "sp",
    "searchInteractionURIs" : [
    ]
  },
  {
    "platform" : "",
    "searchTime" : "2023-11-13T00:17:57.590Z[UTC]",
    "searchQuery" : "spo",
    "searchInteractionURIs" : [
    ]
  },
  {
    "platform" : "",
    "searchTime" : "2023-11-13T00:17:57.651Z[UTC]",
    "searchQuery" : "spot",
    "searchInteractionURIs" : [
    ]
  },
  {
    "platform" : "",
    "searchTime" : "2023-11-13T00:17:57.673Z[UTC]",
    "searchQuery" : "spo",
    "searchInteractionURIs" : [
    ]
  },
  {
    "platform" : "",
    "searchTime" : "2023-11-13T00:17:57.723Z[UTC]",
    "searchQuery" : "spot",
    "searchInteractionURIs" : [
    ]
  },
  {
    "platform" : "",
    "searchTime" : "2023-11-13T00:17:57.727Z[UTC]",
    "searchQuery" : "beat",
    "searchInteractionURIs" : [
    ]
  },
  {
    "platform" : "",
    "searchTime" : "2023-11-13T00:17:57.751Z[UTC]",
    "searchQuery" : "joe",
    "searchInteractionURIs" : [
    ]
  },
  {
    "platform" : "",
    "searchTime" : "2023-11-13T00:17:57.769Z[UTC]",
    "searchQuery" : "bad",
    "searchInteractionURIs" : [
    ]
  },
  {
    "platform" : "",
    "searchTime" : "2023-11-13T00:17:57.860Z[UTC]",
    "searchQuery" : "spoti",
    "searchInteractionURIs" : [
    ]
  },
  {
    "platform" : "",
    "searchTime" : "2023-11-13T00:17:57.951Z[UTC]",
    "searchQuery" : "bad",
    "searchInteractionURIs" : [
    ]
  },
  {
    "platform" : "",
    "searchTime" : "2023-11-13T00:17:57.951Z[UTC]",
    "searchQuery" : "wap",
    "searchInteractionURIs" : [
    ]
  },
  {
    "platform" : "",
    "searchTime" : "2023-11-13T00:17:57.964Z[UTC]",
    "searchQuery" : "seven",
    "searchInteractionURIs" : [
    ]
  },
  {
    "platform" : "",
    "searchTime" : "2023-11-13T00:17:57.967Z[UTC]",
    "searchQuery" : "spoti",
    "searchInteractionURIs" : [
    ]
  },
  {
    "platform" : "",
    "searchTime" : "2023-11-13T00:17:57.999Z[UTC]",
    "searchQuery" : "spotif",
    "searchInteractionURIs" : [
    ]
  },
  {
    "platform" : "",
    "searchTime" : "2023-11-13T00:17:58.078Z[UTC]",
    "searchQuery" : "wap",
    "searchInteractionURIs" : [
    ]
  },
  {
    "platform" : "IPHONE_ARM64",
    "searchTime" : "2023-11-13T00:17:58.081Z[UTC]",
    "searchQuery" : "spoti",
    "searchInteractionURIs" : [
    ]
  },
  {
    "platform" : "",
    "searchTime" : "2023-11-13T00:17:58.083Z[UTC]",
    "searchQuery" : "spotif",
    "searchInteractionURIs" : [
    ]
  },
  {
    "platform" : "",
    "searchTime" : "2023-11-13T00:17:58.092Z[UTC]",
    "searchQuery" : "taylor",
    "searchInteractionURIs" : [
    ]
  },
  {
    "platform" : "",
    "searchTime" : "2023-11-13T00:17:58.092Z[UTC]",
    "searchQuery" : "rbd",
    "searchInteractionURIs" : [
    ]
  },
  {
    "platform" : "",
    "searchTime" : "2023-11-13T00:17:58.246Z[UTC]",
    "searchQuery" : "spotify",
    "searchInteractionURIs" : [
    ]
  },
  {
    "platform" : "",
    "searchTime" : "2023-11-13T00:17:58.257Z[UTC]",
    "searchQuery" : "spotify ",
    "searchInteractionURIs" : [
    ]
  },
  {
    "platform" : "",
    "searchTime" : "2023-11-13T00:17:58.316Z[UTC]",
    "searchQuery" : "made for you",
    "searchInteractionURIs" : [
    ]
  },
  {
    "platform" : "",
    "searchTime" : "2023-11-13T00:17:58.323Z[UTC]",
    "searchQuery" : "wap",
    "searchInteractionURIs" : [
    ]
  },
  {
    "platform" : "",
    "searchTime" : "2023-11-13T00:17:58.323Z[UTC]",
    "searchQuery" : "spotify ",
    "searchInteractionURIs" : [
    ]
  },
  {
    "platform" : "",
    "searchTime" : "2023-11-13T00:17:58.326Z[UTC]",
    "searchQuery" : "butter",
    "searchInteractionURIs" : [
    ]
  },
  {
    "platform" : "",
    "searchTime" : "2023-11-13T00:17:58.368Z[UTC]",
    "searchQuery" : "spotify",
    "searchInteractionURIs" : [
    ]
  },
  {
    "platform" : "",
    "searchTime" : "2023-11-13T00:17:58.512Z[UTC]",
    "searchQuery" : "spotify w",
    "searchInteractionURIs" : [
    ]
  },
  {
    "platform" : "",
    "searchTime" : "2023-11-13T00:17:58.596Z[UTC]",
    "searchQuery" : "spotify w",
    "searchInteractionURIs" : [
    ]
  },
  {
    "platform" : "",
    "searchTime" : "2023-11-13T00:17:58.598Z[UTC]",
    "searchQuery" : "spotify s",
    "searchInteractionURIs" : [
    ]
  },
  {
    "platform" : "",
    "searchTime" : "2023-11-13T00:17:58.700Z[UTC]",
    "searchQuery" : "spotify wr",
    "searchInteractionURIs" : [
    ]
  },
  {
    "platform" : "",
    "searchTime" : "2023-11-13T00:17:58.772Z[UTC]",
    "searchQuery" : "spotify wr",
    "searchInteractionURIs" : [
    ]
  },
  {
    "platform" : "",
    "searchTime" : "2023-11-13T00:17:58.920Z[UTC]",
    "searchQuery" : "spotify wra",
    "searchInteractionURIs" : [
    ]
  },
  {
    "platform" : "",
    "searchTime" : "2023-11-13T00:17:59.024Z[UTC]",
    "searchQuery" : "spotify wrap",
    "searchInteractionURIs" : [
    ]
  },
  {
    "platform" : "",
    "searchTime" : "2023-11-13T00:17:59.033Z[UTC]",
    "searchQuery" : "spotify wra",
    "searchInteractionURIs" : [
    ]
  },
  {
    "platform" : "",
    "searchTime" : "2023-11-13T00:17:59.092Z[UTC]",
    "searchQuery" : "spotify wrap",
    "searchInteractionURIs" : [
    ]
  },
  {
    "platform" : "IPHONE_ARM64",
    "searchTime" : "2023-11-13T00:17:59.153Z[UTC]",
    "searchQuery" : "spotify wra",
    "searchInteractionURIs" : [
    ]
  },
  {
    "platform" : "",
    "searchTime" : "2023-11-13T00:17:59.178Z[UTC]",
    "searchQuery" : "spotify wrapp",
    "searchInteractionURIs" : [
    ]
  },
  {
    "platform" : "",
    "searchTime" : "2023-11-13T00:17:59.277Z[UTC]",
    "searchQuery" : "spotify wrapp",
    "searchInteractionURIs" : [
    ]
  },
  {
    "platform" : "",
    "searchTime" : "2023-11-13T00:17:59.946Z[UTC]",
    "searchQuery" : "spotify wrappe",
    "searchInteractionURIs" : [
    ]
  },
  {
    "platform" : "",
    "searchTime" : "2023-11-13T00:18:00.017Z[UTC]",
    "searchQuery" : "spotify wrappe",
    "searchInteractionURIs" : [
    ]
  },
  {
    "platform" : "",
    "searchTime" : "2023-11-13T00:18:00.158Z[UTC]",
    "searchQuery" : "spotify wrapped",
    "searchInteractionURIs" : [
    ]
  },
  {
    "platform" : "",
    "searchTime" : "2023-11-13T00:18:00.301Z[UTC]",
    "searchQuery" : "spotify wrapped",
    "searchInteractionURIs" : [
    ]
  },
  {
    "platform" : "",
    "searchTime" : "2023-11-13T00:18:01.017Z[UTC]",
    "searchQuery" : "spotify wrapped",
    "searchInteractionURIs" : [
    ]
  },
  {
    "platform" : "IPHONE",
    "searchTime" : "2023-11-13T00:18:01.389Z[UTC]",
    "searchQuery" : "spotify wrapped",
    "searchInteractionURIs" : [
      "spotify:playlist:37i9dQZF1F0sijgNaJdgit",
      "spotify:playlist:5g062J4rZymghoHsoMh6e2"
    ]
  },
  {
    "platform" : "",
    "searchTime" : "2023-11-13T00:18:14.782Z[UTC]",
    "searchQuery" : "spotify wrapped",
    "searchInteractionURIs" : [
    ]
  },
  {
    "platform" : "IPHONE_ARM64",
    "searchTime" : "2023-11-14T21:10:43.690Z[UTC]",
    "searchQuery" : "han",
    "searchInteractionURIs" : [
    ]
  },
  {
    "platform" : "IPHONE_ARM64",
    "searchTime" : "2023-11-14T21:10:46.291Z[UTC]",
    "searchQuery" : "janel",
    "searchInteractionURIs" : [
    ]
  },
  {
    "platform" : "IPHONE_ARM64",
    "searchTime" : "2023-11-14T21:10:46.450Z[UTC]",
    "searchQuery" : "janell",
    "searchInteractionURIs" : [
    ]
  },
  {
    "platform" : "IPHONE",
    "searchTime" : "2023-11-14T21:10:47.117Z[UTC]",
    "searchQuery" : "janelle m",
    "searchInteractionURIs" : [
      "spotify:search:janelle+mon%C3%A1e"
    ]
  },
  {
    "platform" : "IPHONE",
    "searchTime" : "2023-11-14T21:10:48.163Z[UTC]",
    "searchQuery" : "janelle monáe",
    "searchInteractionURIs" : [
      "spotify:artist:6ueGR6SWhUJfvEhqkvMsVs"
    ]
  },
  {
    "platform" : "IPHONE",
    "searchTime" : "2023-11-14T21:11:07.810Z[UTC]",
    "searchQuery" : "victoria",
    "searchInteractionURIs" : [
      "spotify:artist:63XBtGSEZINSyXylZxEUbv"
    ]
  },
  {
    "platform" : "IPHONE_ARM64",
    "searchTime" : "2023-11-14T21:27:35.396Z[UTC]",
    "searchQuery" : "doja",
    "searchInteractionURIs" : [
    ]
  },
  {
    "platform" : "IPHONE",
    "searchTime" : "2023-11-14T21:27:36.061Z[UTC]",
    "searchQuery" : "doja cat",
    "searchInteractionURIs" : [
      "spotify:artist:5cj0lLjcoR7YOSnhnX0Po5"
    ]
  },
  {
    "platform" : "IPHONE_ARM64",
    "searchTime" : "2023-11-14T21:44:43.736Z[UTC]",
    "searchQuery" : "black thought lov",
    "searchInteractionURIs" : [
    ]
  },
  {
    "platform" : "IPHONE",
    "searchTime" : "2023-11-14T21:44:44.040Z[UTC]",
    "searchQuery" : "black thought love ",
    "searchInteractionURIs" : [
      "spotify:track:2qqsWxv1jxmmZxcSwi3LqD",
      "spotify:album:73IZHjXw93CWjWoDpmQ6Vy"
    ]
  },
  {
    "platform" : "IPHONE_ARM64",
    "searchTime" : "2023-11-14T21:50:00.636Z[UTC]",
    "searchQuery" : "jan",
    "searchInteractionURIs" : [
    ]
  },
  {
    "platform" : "IPHONE_ARM64",
    "searchTime" : "2023-11-14T21:50:01.431Z[UTC]",
    "searchQuery" : "janel",
    "searchInteractionURIs" : [
    ]
  },
  {
    "platform" : "IPHONE",
    "searchTime" : "2023-11-14T21:50:01.550Z[UTC]",
    "searchQuery" : "janelle",
    "searchInteractionURIs" : [
      "spotify:album:3440hCSfwYXxJcbQ0j3jAJ"
    ]
  },
  {
    "platform" : "",
    "searchTime" : "2023-11-18T01:34:35.831Z[UTC]",
    "searchQuery" : "chr",
    "searchInteractionURIs" : [
    ]
  },
  {
    "platform" : "IPHONE",
    "searchTime" : "2023-11-18T01:34:36.689Z[UTC]",
    "searchQuery" : "chris st",
    "searchInteractionURIs" : [
      "spotify:artist:4YLtscXsxbVgi031ovDDdh"
    ]
  },
  {
    "platform" : "IPHONE",
    "searchTime" : "2023-11-19T04:40:55.057Z[UTC]",
    "searchQuery" : "jid",
    "searchInteractionURIs" : [
      "spotify:artist:6U3ybJ9UHNKEdsH7ktGBZ7"
    ]
  },
  {
    "platform" : "",
    "searchTime" : "2023-11-19T14:45:16.852Z[UTC]",
    "searchQuery" : "fri",
    "searchInteractionURIs" : [
    ]
  },
  {
    "platform" : "IPHONE",
    "searchTime" : "2023-11-19T14:45:17.485Z[UTC]",
    "searchQuery" : "frizk",
    "searchInteractionURIs" : [
      "spotify:artist:2kytM35nXuQfdxPeoLgE0K"
    ]
  },
  {
    "platform" : "IPHONE",
    "searchTime" : "2023-11-28T16:41:57.343Z[UTC]",
    "searchQuery" : "wrapped",
    "searchInteractionURIs" : [
    ]
  },
  {
    "platform" : "IPHONE_ARM64",
    "searchTime" : "2023-12-10T19:29:11.855Z[UTC]",
    "searchQuery" : "out",
    "searchInteractionURIs" : [
    ]
  },
  {
    "platform" : "IPHONE",
    "searchTime" : "2023-12-10T19:29:13.561Z[UTC]",
    "searchQuery" : "outasight",
    "searchInteractionURIs" : [
      "spotify:artist:1zuG3w1Zgeou53fb3Vu3bO"
    ]
  },
  {
    "platform" : "IPHONE",
    "searchTime" : "2023-12-25T21:59:24.595Z[UTC]",
    "searchQuery" : "redbone",
    "searchInteractionURIs" : [
      "spotify:track:0WtDGnWL2KrMCk0mI1Gpwz"
    ]
  },
  {
    "platform" : "",
    "searchTime" : "2023-12-26T00:10:36.916Z[UTC]",
    "searchQuery" : "g",
    "searchInteractionURIs" : [
    ]
  },
  {
    "platform" : "",
    "searchTime" : "2023-12-26T00:10:36.995Z[UTC]",
    "searchQuery" : "g",
    "searchInteractionURIs" : [
    ]
  },
  {
    "platform" : "",
    "searchTime" : "2023-12-26T00:10:37.031Z[UTC]",
    "searchQuery" : "ge",
    "searchInteractionURIs" : [
    ]
  },
  {
    "platform" : "",
    "searchTime" : "2023-12-26T00:10:37.140Z[UTC]",
    "searchQuery" : "ge",
    "searchInteractionURIs" : [
    ]
  },
  {
    "platform" : "",
    "searchTime" : "2023-12-26T00:10:37.148Z[UTC]",
    "searchQuery" : "geo",
    "searchInteractionURIs" : [
    ]
  },
  {
    "platform" : "",
    "searchTime" : "2023-12-26T00:10:37.225Z[UTC]",
    "searchQuery" : "geo",
    "searchInteractionURIs" : [
    ]
  },
  {
    "platform" : "",
    "searchTime" : "2023-12-26T00:10:37.441Z[UTC]",
    "searchQuery" : "georg",
    "searchInteractionURIs" : [
    ]
  },
  {
    "platform" : "",
    "searchTime" : "2023-12-26T00:10:37.469Z[UTC]",
    "searchQuery" : "geor",
    "searchInteractionURIs" : [
    ]
  },
  {
    "platform" : "",
    "searchTime" : "2023-12-26T00:10:37.526Z[UTC]",
    "searchQuery" : "geor",
    "searchInteractionURIs" : [
    ]
  },
  {
    "platform" : "",
    "searchTime" : "2023-12-26T00:10:37.531Z[UTC]",
    "searchQuery" : "georg",
    "searchInteractionURIs" : [
    ]
  },
  {
    "platform" : "",
    "searchTime" : "2023-12-26T00:10:37.574Z[UTC]",
    "searchQuery" : "george",
    "searchInteractionURIs" : [
    ]
  },
  {
    "platform" : "",
    "searchTime" : "2023-12-26T00:10:37.643Z[UTC]",
    "searchQuery" : "george",
    "searchInteractionURIs" : [
    ]
  },
  {
    "platform" : "IPHONE_ARM64",
    "searchTime" : "2023-12-26T00:10:37.651Z[UTC]",
    "searchQuery" : "georg",
    "searchInteractionURIs" : [
    ]
  },
  {
    "platform" : "",
    "searchTime" : "2023-12-26T00:10:38.807Z[UTC]",
    "searchQuery" : "george ",
    "searchInteractionURIs" : [
    ]
  },
  {
    "platform" : "",
    "searchTime" : "2023-12-26T00:10:38.882Z[UTC]",
    "searchQuery" : "george ",
    "searchInteractionURIs" : [
    ]
  },
  {
    "platform" : "",
    "searchTime" : "2023-12-26T00:10:39.535Z[UTC]",
    "searchQuery" : "george c",
    "searchInteractionURIs" : [
    ]
  },
  {
    "platform" : "",
    "searchTime" : "2023-12-26T00:10:39.540Z[UTC]",
    "searchQuery" : "george cl",
    "searchInteractionURIs" : [
    ]
  },
  {
    "platform" : "",
    "searchTime" : "2023-12-26T00:10:39.618Z[UTC]",
    "searchQuery" : "george cla",
    "searchInteractionURIs" : [
    ]
  },
  {
    "platform" : "",
    "searchTime" : "2023-12-26T00:10:39.633Z[UTC]",
    "searchQuery" : "george c",
    "searchInteractionURIs" : [
    ]
  },
  {
    "platform" : "",
    "searchTime" : "2023-12-26T00:10:39.642Z[UTC]",
    "searchQuery" : "george cl",
    "searchInteractionURIs" : [
    ]
  },
  {
    "platform" : "",
    "searchTime" : "2023-12-26T00:10:39.712Z[UTC]",
    "searchQuery" : "george cla",
    "searchInteractionURIs" : [
    ]
  },
  {
    "platform" : "",
    "searchTime" : "2023-12-26T00:10:39.828Z[UTC]",
    "searchQuery" : "george clan",
    "searchInteractionURIs" : [
    ]
  },
  {
    "platform" : "",
    "searchTime" : "2023-12-26T00:10:39.923Z[UTC]",
    "searchQuery" : "george clan",
    "searchInteractionURIs" : [
    ]
  },
  {
    "platform" : "IPHONE",
    "searchTime" : "2023-12-26T00:10:40.098Z[UTC]",
    "searchQuery" : "george clan",
    "searchInteractionURIs" : [
      "spotify:artist:1G5v3lpMz7TeoW0yGpRQHr"
    ]
  },
  {
    "platform" : "IPHONE",
    "searchTime" : "2024-01-01T18:16:27.488Z[UTC]",
    "searchQuery" : "npr",
    "searchInteractionURIs" : [
      "spotify:show:2mTUnDkuKUkhiueKcVWoP0"
    ]
  },
  {
    "platform" : "",
    "searchTime" : "2024-01-06T00:27:24.033Z[UTC]",
    "searchQuery" : "c",
    "searchInteractionURIs" : [
    ]
  },
  {
    "platform" : "",
    "searchTime" : "2024-01-06T00:27:24.119Z[UTC]",
    "searchQuery" : "c",
    "searchInteractionURIs" : [
    ]
  },
  {
    "platform" : "",
    "searchTime" : "2024-01-06T00:27:24.422Z[UTC]",
    "searchQuery" : "co",
    "searchInteractionURIs" : [
    ]
  },
  {
    "platform" : "",
    "searchTime" : "2024-01-06T00:27:24.510Z[UTC]",
    "searchQuery" : "co",
    "searchInteractionURIs" : [
    ]
  },
  {
    "platform" : "",
    "searchTime" : "2024-01-06T00:27:24.983Z[UTC]",
    "searchQuery" : "con",
    "searchInteractionURIs" : [
    ]
  },
  {
    "platform" : "",
    "searchTime" : "2024-01-06T00:27:25.023Z[UTC]",
    "searchQuery" : "con",
    "searchInteractionURIs" : [
    ]
  },
  {
    "platform" : "IPHONE",
    "searchTime" : "2024-01-06T00:27:25.207Z[UTC]",
    "searchQuery" : "con",
    "searchInteractionURIs" : [
    ]
  },
  {
    "platform" : "",
    "searchTime" : "2024-01-06T00:27:25.680Z[UTC]",
    "searchQuery" : "co",
    "searchInteractionURIs" : [
    ]
  },
  {
    "platform" : "",
    "searchTime" : "2024-01-06T00:27:25.797Z[UTC]",
    "searchQuery" : "co",
    "searchInteractionURIs" : [
    ]
  },
  {
    "platform" : "",
    "searchTime" : "2024-01-06T00:27:25.839Z[UTC]",
    "searchQuery" : "c",
    "searchInteractionURIs" : [
    ]
  },
  {
    "platform" : "",
    "searchTime" : "2024-01-06T00:27:25.886Z[UTC]",
    "searchQuery" : "c",
    "searchInteractionURIs" : [
    ]
  },
  {
    "platform" : "IPHONE",
    "searchTime" : "2024-01-08T02:28:49.318Z[UTC]",
    "searchQuery" : "zach brya",
    "searchInteractionURIs" : [
      "spotify:search:zach+bryan"
    ]
  },
  {
    "platform" : "IPHONE",
    "searchTime" : "2024-01-08T02:28:50.102Z[UTC]",
    "searchQuery" : "zach bryan",
    "searchInteractionURIs" : [
      "spotify:artist:40ZNYROS4zLfyyBSs2PGe2"
    ]
  },
  {
    "platform" : "IPHONE_ARM64",
    "searchTime" : "2024-01-09T13:07:17.980Z[UTC]",
    "searchQuery" : "dai",
    "searchInteractionURIs" : [
    ]
  },
  {
    "platform" : "IPHONE_ARM64",
    "searchTime" : "2024-01-09T13:07:18.188Z[UTC]",
    "searchQuery" : "dail",
    "searchInteractionURIs" : [
    ]
  },
  {
    "platform" : "IPHONE",
    "searchTime" : "2024-01-09T13:07:18.575Z[UTC]",
    "searchQuery" : "daily",
    "searchInteractionURIs" : [
      "spotify:playlist:37i9dQZF1EfNOza8zeFIls"
    ]
  },
  {
    "platform" : "IPHONE",
    "searchTime" : "2024-01-10T02:50:59.439Z[UTC]",
    "searchQuery" : "samph",
    "searchInteractionURIs" : [
      "spotify:artist:2WoVwexZuODvclzULjPQtm"
    ]
  },
  {
    "platform" : "IPHONE_ARM64",
    "searchTime" : "2024-01-13T20:04:33.469Z[UTC]",
    "searchQuery" : "spoti",
    "searchInteractionURIs" : [
    ]
  },
  {
    "platform" : "IPHONE_ARM64",
    "searchTime" : "2024-01-13T20:04:33.776Z[UTC]",
    "searchQuery" : "spotifu ",
    "searchInteractionURIs" : [
    ]
  },
  {
    "platform" : "IPHONE_ARM64",
    "searchTime" : "2024-01-13T20:04:35.056Z[UTC]",
    "searchQuery" : "spotifu wrappe",
    "searchInteractionURIs" : [
    ]
  },
  {
    "platform" : "IPHONE",
    "searchTime" : "2024-01-13T20:04:35.490Z[UTC]",
    "searchQuery" : "spotifu wrapped",
    "searchInteractionURIs" : [
    ]
  },
  {
    "platform" : "IPHONE",
    "searchTime" : "2024-01-15T12:40:52.283Z[UTC]",
    "searchQuery" : "we",
    "searchInteractionURIs" : [
    ]
  },
  {
    "platform" : "IPHONE_ARM64",
    "searchTime" : "2024-01-15T12:40:53.419Z[UTC]",
    "searchQuery" : "l",
    "searchInteractionURIs" : [
    ]
  },
  {
    "platform" : "IPHONE",
    "searchTime" : "2024-01-15T12:40:54.420Z[UTC]",
    "searchQuery" : "liann",
    "searchInteractionURIs" : [
      "spotify:artist:2RP4pPHTXlQpDnO9LvR7Yt"
    ]
  },
  {
    "platform" : "",
    "searchTime" : "2024-01-17T00:56:07.513Z[UTC]",
    "searchQuery" : "tina",
    "searchInteractionURIs" : [
    ]
  },
  {
    "platform" : "",
    "searchTime" : "2024-01-17T00:56:07.667Z[UTC]",
    "searchQuery" : "tina",
    "searchInteractionURIs" : [
    ]
  },
  {
    "platform" : "",
    "searchTime" : "2024-01-17T00:56:08.363Z[UTC]",
    "searchQuery" : "tinash",
    "searchInteractionURIs" : [
    ]
  },
  {
    "platform" : "",
    "searchTime" : "2024-01-17T00:56:08.466Z[UTC]",
    "searchQuery" : "tinash",
    "searchInteractionURIs" : [
    ]
  },
  {
    "platform" : "",
    "searchTime" : "2024-01-17T00:56:08.753Z[UTC]",
    "searchQuery" : "tinasha",
    "searchInteractionURIs" : [
    ]
  },
  {
    "platform" : "",
    "searchTime" : "2024-01-17T00:56:08.867Z[UTC]",
    "searchQuery" : "tinasha",
    "searchInteractionURIs" : [
    ]
  },
  {
    "platform" : "IPHONE",
    "searchTime" : "2024-01-20T19:34:21.951Z[UTC]",
    "searchQuery" : "syml",
    "searchInteractionURIs" : [
      "spotify:artist:6AyATGg7mDgBlZ4N5uNog0"
    ]
  },
  {
    "platform" : "WIN32_X86_64",
    "searchTime" : "2024-01-28T01:20:25.109Z[UTC]",
    "searchQuery" : "z",
    "searchInteractionURIs" : [
    ]
  },
  {
    "platform" : "WIN32_X86_64",
    "searchTime" : "2024-01-28T01:20:25.267Z[UTC]",
    "searchQuery" : "za",
    "searchInteractionURIs" : [
    ]
  },
  {
    "platform" : "IPHONE_ARM64",
    "searchTime" : "2024-01-28T16:29:07.626Z[UTC]",
    "searchQuery" : "z",
    "searchInteractionURIs" : [
    ]
  },
  {
    "platform" : "IPHONE_ARM64",
    "searchTime" : "2024-01-28T16:29:08.040Z[UTC]",
    "searchQuery" : "zac",
    "searchInteractionURIs" : [
    ]
  },
  {
    "platform" : "IPHONE_ARM64",
    "searchTime" : "2024-01-28T16:29:08.625Z[UTC]",
    "searchQuery" : "zach b",
    "searchInteractionURIs" : [
    ]
  },
  {
    "platform" : "IPHONE",
    "searchTime" : "2024-01-28T16:29:09.103Z[UTC]",
    "searchQuery" : "zach br",
    "searchInteractionURIs" : [
      "spotify:artist:40ZNYROS4zLfyyBSs2PGe2"
    ]
  }
]