[
  {
    "endTime" : "2023-02-06 08:08",
    "podcastName" : "Onto Waveland: A show about the Chicago Cubs",
    "episodeName" : "Cubs Convention is back + Grading the offseason so far",
    "msPlayed" : 2207501
  },
  {
    "endTime" : "2023-02-23 05:50",
    "podcastName" : "Onto Waveland: A show about the Chicago Cubs",
    "episodeName" : "Pitchers and Catchers Report 2023!",
    "msPlayed" : 2965404
  },
  {
    "endTime" : "2023-02-27 06:40",
    "podcastName" : "Onto Waveland: A show about the Chicago Cubs",
    "episodeName" : "Pitchers and Catchers Report 2023!",
    "msPlayed" : 1873685
  },
  {
    "endTime" : "2023-02-28 07:08",
    "podcastName" : "Onto Waveland: A show about the Chicago Cubs",
    "episodeName" : "Pitchers and Catchers Report 2023!",
    "msPlayed" : 1776838
  },
  {
    "endTime" : "2023-02-28 07:09",
    "podcastName" : "Onto Waveland: A show about the Chicago Cubs",
    "episodeName" : "Bring on the Fake Baseball and the rise of The Sweeper!",
    "msPlayed" : 31727
  },
  {
    "endTime" : "2023-03-07 06:02",
    "podcastName" : "Onto Waveland: A show about the Chicago Cubs",
    "episodeName" : "Pitchers and Catchers Report 2023!",
    "msPlayed" : 1544075
  },
  {
    "endTime" : "2023-03-08 06:27",
    "podcastName" : "Onto Waveland: A show about the Chicago Cubs",
    "episodeName" : "Bring on the Fake Baseball and the rise of The Sweeper!",
    "msPlayed" : 910400
  },
  {
    "endTime" : "2023-03-11 06:06",
    "podcastName" : "Onto Waveland: A show about the Chicago Cubs",
    "episodeName" : "The Cubs are the hottest team in the Cactus League!",
    "msPlayed" : 2343449
  },
  {
    "endTime" : "2023-03-12 05:59",
    "podcastName" : "Onto Waveland: A show about the Chicago Cubs",
    "episodeName" : "The Cubs are the hottest team in the Cactus League!",
    "msPlayed" : 1292125
  },
  {
    "endTime" : "2023-03-25 06:44",
    "podcastName" : "Onto Waveland: A show about the Chicago Cubs",
    "episodeName" : "Spring Training numbers to be worried about... maybe",
    "msPlayed" : 1819221
  },
  {
    "endTime" : "2023-03-27 06:41",
    "podcastName" : "Onto Waveland: A show about the Chicago Cubs",
    "episodeName" : "Spring Training numbers to be worried about... maybe",
    "msPlayed" : 1704640
  },
  {
    "endTime" : "2023-03-31 14:24",
    "podcastName" : "Onto Waveland: A show about the Chicago Cubs",
    "episodeName" : "Spring Training numbers to be worried about... maybe",
    "msPlayed" : 928832
  },
  {
    "endTime" : "2023-04-07 16:17",
    "podcastName" : "Onto Waveland: A show about the Chicago Cubs",
    "episodeName" : "On their way to 162-0, Cubs win opener at Wrigley!",
    "msPlayed" : 2506385
  },
  {
    "endTime" : "2023-04-07 16:55",
    "podcastName" : "Onto Waveland: A show about the Chicago Cubs",
    "episodeName" : "What did we learn from Cubs opening series loss to the Brewers?",
    "msPlayed" : 2266035
  },
  {
    "endTime" : "2023-04-07 17:32",
    "podcastName" : "Onto Waveland: A show about the Chicago Cubs",
    "episodeName" : "The Cubs show off their offensive floor against Reds, and the Cardinals deal with off the field drama",
    "msPlayed" : 2169579
  },
  {
    "endTime" : "2023-04-13 09:05",
    "podcastName" : "Onto Waveland: A show about the Chicago Cubs",
    "episodeName" : "Stroman and Steele shine, but Cubs can't complete elusive sweep",
    "msPlayed" : 2369727
  },
  {
    "endTime" : "2023-04-19 05:47",
    "podcastName" : "Onto Waveland: A show about the Chicago Cubs",
    "episodeName" : "Overreacting to Cubs series win over Dodgers",
    "msPlayed" : 905258
  },
  {
    "endTime" : "2023-04-24 08:07",
    "podcastName" : "Onto Waveland: A show about the Chicago Cubs",
    "episodeName" : "Happ-y to be a Cub",
    "msPlayed" : 1823552
  },
  {
    "endTime" : "2023-04-24 08:21",
    "podcastName" : "Onto Waveland: A show about the Chicago Cubs",
    "episodeName" : "Overreacting to Cubs series win over Dodgers",
    "msPlayed" : 840320
  },
  {
    "endTime" : "2023-04-24 21:15",
    "podcastName" : "NPR News Now",
    "episodeName" : "NPR News: 04-24-2023 4PM ET",
    "msPlayed" : 197030
  },
  {
    "endTime" : "2023-04-25 01:15",
    "podcastName" : "Headline News from The Associated Press",
    "episodeName" : "AP Headline News -  Apr 24 2023 21:00 (EDT)",
    "msPlayed" : 177986
  },
  {
    "endTime" : "2023-04-25 15:43",
    "podcastName" : "Up First",
    "episodeName" : "Biden Presidential Bid, Trump Civil Trial, Tucker Carlson Leaves Fox",
    "msPlayed" : 745250
  },
  {
    "endTime" : "2023-04-25 15:56",
    "podcastName" : "The Daily",
    "episodeName" : "Fox News Fires Its Biggest Star",
    "msPlayed" : 15270
  },
  {
    "endTime" : "2023-04-25 17:39",
    "podcastName" : "Marketplace",
    "episodeName" : "All that space Bed Bath & Beyond will leave behind",
    "msPlayed" : 788799
  },
  {
    "endTime" : "2023-04-25 20:17",
    "podcastName" : "Marketplace",
    "episodeName" : "All that space Bed Bath & Beyond will leave behind",
    "msPlayed" : 7170
  },
  {
    "endTime" : "2023-04-25 20:18",
    "podcastName" : "NPR News Now",
    "episodeName" : "NPR News: 04-25-2023 4PM ET",
    "msPlayed" : 3230
  },
  {
    "endTime" : "2023-04-25 20:18",
    "podcastName" : "NPR News Now",
    "episodeName" : "NPR News: 04-25-2023 4PM ET",
    "msPlayed" : 3660
  },
  {
    "endTime" : "2023-04-25 20:27",
    "podcastName" : "Today, Explained",
    "episodeName" : "He’s running",
    "msPlayed" : 562770
  },
  {
    "endTime" : "2023-04-25 22:07",
    "podcastName" : "Today, Explained",
    "episodeName" : "He’s running",
    "msPlayed" : 855420
  },
  {
    "endTime" : "2023-04-26 21:47",
    "podcastName" : "NPR News Now",
    "episodeName" : "NPR News: 04-26-2023 5PM ET",
    "msPlayed" : 295613
  },
  {
    "endTime" : "2023-04-26 21:50",
    "podcastName" : "NPR News Now",
    "episodeName" : "NPR News: 04-26-2023 5PM ET",
    "msPlayed" : 2252
  },
  {
    "endTime" : "2023-04-26 22:29",
    "podcastName" : "Marketplace",
    "episodeName" : "Commerce Secretary Raimondo on chips, China and women in the workforce",
    "msPlayed" : 1413120
  },
  {
    "endTime" : "2023-04-27 15:56",
    "podcastName" : "Up First",
    "episodeName" : "Debt Ceiling Standoff, Disney Sues DeSantis, Montana Bars Transgender  Lawmaker",
    "msPlayed" : 794760
  },
  {
    "endTime" : "2023-04-27 17:33",
    "podcastName" : "Marketplace",
    "episodeName" : "Lael Brainard: The debt limit is not a tool for “extortion”",
    "msPlayed" : 7240
  },
  {
    "endTime" : "2023-04-27 21:18",
    "podcastName" : "NPR News Now",
    "episodeName" : "NPR News: 04-27-2023 4PM ET",
    "msPlayed" : 5340
  },
  {
    "endTime" : "2023-04-27 21:18",
    "podcastName" : "Marketplace",
    "episodeName" : "Lael Brainard: The debt limit is not a tool for “extortion”",
    "msPlayed" : 1570713
  },
  {
    "endTime" : "2023-04-27 21:53",
    "podcastName" : "Today, Explained",
    "episodeName" : "Can Title IX protect trans athletes?",
    "msPlayed" : 1478373
  },
  {
    "endTime" : "2023-04-27 22:15",
    "podcastName" : "TED Talks Daily",
    "episodeName" : "The story that shapes your relationship with nature | Damon Gameau",
    "msPlayed" : 605715
  },
  {
    "endTime" : "2023-05-05 21:38",
    "podcastName" : "Onto Waveland: A show about the Chicago Cubs",
    "episodeName" : "Does the Cubs offense need a jolt to get back on track?",
    "msPlayed" : 2360633
  },
  {
    "endTime" : "2023-05-05 22:08",
    "podcastName" : "Onto Waveland: A show about the Chicago Cubs",
    "episodeName" : "Sweep in Miami doesn't spoil winning April",
    "msPlayed" : 1792626
  },
  {
    "endTime" : "2023-05-05 22:39",
    "podcastName" : "Onto Waveland: A show about the Chicago Cubs",
    "episodeName" : "Steele shines, Wesneski takes step forward vs. Padres",
    "msPlayed" : 1879164
  },
  {
    "endTime" : "2023-05-05 22:39",
    "podcastName" : "Onto Waveland: A show about the Chicago Cubs",
    "episodeName" : "Sweep in Miami doesn't spoil winning April",
    "msPlayed" : 8953
  },
  {
    "endTime" : "2023-05-13 08:58",
    "podcastName" : "Onto Waveland: A show about the Chicago Cubs",
    "episodeName" : "Willson Contreras and the Cardinals come to Wrigley",
    "msPlayed" : 2253162
  },
  {
    "endTime" : "2023-05-28 04:50",
    "podcastName" : "Onto Waveland: A show about the Chicago Cubs",
    "episodeName" : "Led by Christopher Morel, The Cubs strike back",
    "msPlayed" : 1805994
  },
  {
    "endTime" : "2023-06-04 10:02",
    "podcastName" : "Onto Waveland: A show about the Chicago Cubs",
    "episodeName" : "Cubs take 2 of 3 from Rays but wow, that loss hurt",
    "msPlayed" : 1802154
  },
  {
    "endTime" : "2023-06-15 10:02",
    "podcastName" : "Onto Waveland: A show about the Chicago Cubs",
    "episodeName" : "Why can't the Cubs complete a sweep and what should they do with Marcus Stroman?",
    "msPlayed" : 1470954
  },
  {
    "endTime" : "2023-06-20 16:28",
    "podcastName" : "Up First",
    "episodeName" : "Blinken in London, West Bank Settlements, Virginia Primary",
    "msPlayed" : 801436
  },
  {
    "endTime" : "2023-06-20 17:08",
    "podcastName" : "The Daily",
    "episodeName" : "Inflation Is Way Down. Is It by Design or Just Luck?",
    "msPlayed" : 1529382
  },
  {
    "endTime" : "2023-06-20 17:58",
    "podcastName" : "TBOY Lite",
    "episodeName" : "TBOY Lite for Tuesday, June 20th",
    "msPlayed" : 266828
  },
  {
    "endTime" : "2023-06-20 18:40",
    "podcastName" : "What Next | Daily News and Analysis",
    "episodeName" : "They Pledged to Stop Sex Abuse. Instead, They Targeted Women.",
    "msPlayed" : 1610536
  },
  {
    "endTime" : "2023-06-20 23:04",
    "podcastName" : "Onto Waveland: A show about the Chicago Cubs",
    "episodeName" : "What happened behind the scenes to spark the Cubs turnaround and should they hold at the trade deadline",
    "msPlayed" : 1508623
  },
  {
    "endTime" : "2023-06-20 23:04",
    "podcastName" : "Onto Waveland: A show about the Chicago Cubs",
    "episodeName" : "Why can't the Cubs complete a sweep and what should they do with Marcus Stroman?",
    "msPlayed" : 2229
  },
  {
    "endTime" : "2023-06-20 23:04",
    "podcastName" : "Onto Waveland: A show about the Chicago Cubs",
    "episodeName" : "Jed Hoyer responds to Stroman contract chatter + Should Cody Bellinger change positions",
    "msPlayed" : 0
  },
  {
    "endTime" : "2023-06-20 23:11",
    "podcastName" : "Onto Waveland: A show about the Chicago Cubs",
    "episodeName" : "Jed Hoyer responds to Stroman contract chatter + Should Cody Bellinger change positions",
    "msPlayed" : 327073
  },
  {
    "endTime" : "2023-06-21 07:39",
    "podcastName" : "Onto Waveland: A show about the Chicago Cubs",
    "episodeName" : "Jed Hoyer responds to Stroman contract chatter + Should Cody Bellinger change positions",
    "msPlayed" : 1602226
  },
  {
    "endTime" : "2023-06-21 07:40",
    "podcastName" : "Onto Waveland: A show about the Chicago Cubs",
    "episodeName" : "What happened behind the scenes to spark the Cubs turnaround and should they hold at the trade deadline",
    "msPlayed" : 9262
  },
  {
    "endTime" : "2023-06-21 08:15",
    "podcastName" : "Onto Waveland: A show about the Chicago Cubs",
    "episodeName" : "Cubs on a collision course with Sell Mode",
    "msPlayed" : 2118159
  },
  {
    "endTime" : "2023-06-21 08:27",
    "podcastName" : "Onto Waveland: A show about the Chicago Cubs",
    "episodeName" : "Why can't the Cubs complete a sweep and what should they do with Marcus Stroman?",
    "msPlayed" : 751583
  },
  {
    "endTime" : "2023-06-21 09:00",
    "podcastName" : "Onto Waveland: A show about the Chicago Cubs",
    "episodeName" : "Jed Hoyer responds to Stroman contract chatter + Should Cody Bellinger change positions",
    "msPlayed" : 1960190
  },
  {
    "endTime" : "2023-06-21 09:01",
    "podcastName" : "Onto Waveland: A show about the Chicago Cubs",
    "episodeName" : "What happened behind the scenes to spark the Cubs turnaround and should they hold at the trade deadline",
    "msPlayed" : 56961
  },
  {
    "endTime" : "2023-06-21 19:48",
    "podcastName" : "Onto Waveland: A show about the Chicago Cubs",
    "episodeName" : "'Are you still getting it cued up, Sahadev?'",
    "msPlayed" : 19179
  },
  {
    "endTime" : "2023-06-21 22:44",
    "podcastName" : "NPR News Now",
    "episodeName" : "NPR News: 06-21-2023 6PM ET",
    "msPlayed" : 339997
  },
  {
    "endTime" : "2023-06-21 22:53",
    "podcastName" : "Marketplace",
    "episodeName" : "With other countries in recession, will the U.S. follow suit?",
    "msPlayed" : 544183
  },
  {
    "endTime" : "2023-06-22 14:01",
    "podcastName" : "CHGO Chicago Cubs Podcast",
    "episodeName" : "Kyle Hendricks, Nico Hoerner, and the Chicago Cubs sweep the Pirates in Pittsburgh",
    "msPlayed" : 2493376
  },
  {
    "endTime" : "2023-06-23 06:09",
    "podcastName" : "CHGO Chicago Cubs Podcast",
    "episodeName" : "Off Day Show: London Calling Marcus Stroman & the Chicago Cubs",
    "msPlayed" : 1803328
  },
  {
    "endTime" : "2023-08-05 04:39",
    "podcastName" : "Onto Waveland: A show about the Chicago Cubs",
    "episodeName" : "Trade Deadline reaction, a Jeimer Candelario reunion and a look ahead to the rest of the season",
    "msPlayed" : 2012879
  },
  {
    "endTime" : "2023-08-09 05:53",
    "podcastName" : "Onto Waveland: A show about the Chicago Cubs",
    "episodeName" : "The Cubs take series from Braves (let's not talk about Monday's Mets game)",
    "msPlayed" : 810965
  },
  {
    "endTime" : "2023-10-04 03:26",
    "podcastName" : "theScore Fantasy Football Podcast with Justin Boone",
    "episodeName" : "10 Moves That Could Save Your Season",
    "msPlayed" : 564240
  },
  {
    "endTime" : "2023-10-19 03:38",
    "podcastName" : "theScore Fantasy Football Podcast with Justin Boone",
    "episodeName" : "Rams' RB Battle, Rookie Opportunities, & Trade Targets",
    "msPlayed" : 357800
  },
  {
    "endTime" : "2023-10-24 14:50",
    "podcastName" : "The Morning Drive",
    "episodeName" : "Michelle Ready & Patrice Thabault",
    "msPlayed" : 28305
  },
  {
    "endTime" : "2023-10-24 15:05",
    "podcastName" : "Up First",
    "episodeName" : "Hamas Releases Hostages, Eight Candidates Vie for Speaker, Bond Sell-Off Sparks Fear",
    "msPlayed" : 881383
  },
  {
    "endTime" : "2023-10-24 19:18",
    "podcastName" : "The Daily",
    "episodeName" : "The Lawyers Now Turning on Trump",
    "msPlayed" : 1522120
  },
  {
    "endTime" : "2023-10-24 19:42",
    "podcastName" : "Short Wave",
    "episodeName" : "Why Gray Hair Is Coming For You",
    "msPlayed" : 685590
  },
  {
    "endTime" : "2023-10-25 20:12",
    "podcastName" : "theScore Fantasy Football Podcast with Justin Boone",
    "episodeName" : "Kyler Murray's Outlook, Dynasty Stashes, & Fantasy Mailbag",
    "msPlayed" : 30058
  },
  {
    "endTime" : "2023-10-26 10:35",
    "podcastName" : "theScore Fantasy Football Podcast with Justin Boone",
    "episodeName" : "Backfield Battles & Buy-Low Trade Targets",
    "msPlayed" : 1129237
  },
  {
    "endTime" : "2023-10-27 18:09",
    "podcastName" : "CNN 5 Things",
    "episodeName" : "12 PM ET: Hamas hostage progress, inflation cools, Biden's competition & more",
    "msPlayed" : 300956
  },
  {
    "endTime" : "2023-10-27 18:37",
    "podcastName" : "The Journal.",
    "episodeName" : "The Trial of Crypto’s Golden Boy: Bankman-Fried Testifies",
    "msPlayed" : 752803
  },
  {
    "endTime" : "2023-10-27 19:19",
    "podcastName" : "The Times: Essential news from the L.A. Times",
    "episodeName" : "How trans surfers find community",
    "msPlayed" : 1676643
  },
  {
    "endTime" : "2023-10-27 19:47",
    "podcastName" : "Short Wave",
    "episodeName" : "Scientist Just Made The Largest Brain Map Ever",
    "msPlayed" : 726935
  },
  {
    "endTime" : "2023-10-27 20:06",
    "podcastName" : "theScore Fantasy Football Podcast with Justin Boone",
    "episodeName" : "Backfield Battles & Buy-Low Trade Targets",
    "msPlayed" : 11168
  },
  {
    "endTime" : "2023-10-27 20:06",
    "podcastName" : "theScore Fantasy Football Podcast with Justin Boone",
    "episodeName" : "Aiyuk's Outlook, WR Decisions, & Fantasy Mailbag",
    "msPlayed" : 1096671
  },
  {
    "endTime" : "2023-10-29 15:45",
    "podcastName" : "NPR News Now",
    "episodeName" : "NPR News: 10-29-2023 11AM EDT",
    "msPlayed" : 314253
  },
  {
    "endTime" : "2023-10-29 16:36",
    "podcastName" : "Latino USA",
    "episodeName" : "City of Oil",
    "msPlayed" : 2032143
  },
  {
    "endTime" : "2023-10-29 17:58",
    "podcastName" : "Freakonomics Radio",
    "episodeName" : "563. How to Succeed at Failing, Part 3: Grit vs. Quit",
    "msPlayed" : 4109923
  },
  {
    "endTime" : "2023-10-29 18:12",
    "podcastName" : "Wait Wait... Don't Tell Me!",
    "episodeName" : "WWDTM: Bernie Taupin",
    "msPlayed" : 26377
  },
  {
    "endTime" : "2023-11-04 18:45",
    "podcastName" : "NPR News Now",
    "episodeName" : "NPR News: 11-04-2023 2PM EDT",
    "msPlayed" : 316917
  },
  {
    "endTime" : "2023-11-04 19:21",
    "podcastName" : "It's Been a Minute",
    "episodeName" : "\"The Gilded Age\" and the trouble with American period pieces",
    "msPlayed" : 1245843
  },
  {
    "endTime" : "2023-11-04 19:39",
    "podcastName" : "Pop Culture Happy Hour",
    "episodeName" : "Priscilla And What's Making Us Happy",
    "msPlayed" : 404259
  },
  {
    "endTime" : "2023-11-04 20:20",
    "podcastName" : "Not Past It ",
    "episodeName" : "King Tut Died for Tourism",
    "msPlayed" : 1576193
  },
  {
    "endTime" : "2023-11-16 23:01",
    "podcastName" : "theScore Fantasy Football Podcast with Justin Boone",
    "episodeName" : "RB Outlooks, Contending vs. Tanking, & Mailbag",
    "msPlayed" : 916230
  },
  {
    "endTime" : "2023-12-02 14:19",
    "podcastName" : "It's Been a Minute",
    "episodeName" : "McCarthyism and queerness in 'Fellow Travelers'; plus, IBAM unplugged with Olivia Dean",
    "msPlayed" : 42850
  },
  {
    "endTime" : "2023-12-02 14:46",
    "podcastName" : "The Daily",
    "episodeName" : "Should You Rent or Buy? The New Math.",
    "msPlayed" : 1629410
  },
  {
    "endTime" : "2023-12-02 14:51",
    "podcastName" : "The Daily",
    "episodeName" : "The Bad Vibes Around a Good Economy",
    "msPlayed" : 238640
  },
  {
    "endTime" : "2023-12-05 09:00",
    "podcastName" : "Up First",
    "episodeName" : "Israel Expands Military Operation, SCOTUS Hears Purdue Pharma Case, Liz Cheney",
    "msPlayed" : 944848
  },
  {
    "endTime" : "2023-12-06 05:14",
    "podcastName" : "The Daily",
    "episodeName" : "The Oct. 7 Warning That Israel Ignored",
    "msPlayed" : 1863978
  },
  {
    "endTime" : "2023-12-06 15:21",
    "podcastName" : "Up First",
    "episodeName" : "Ex-Ambassador Charged As Agent, Houthi Attack, Nelson Mandela's Death Anniversary",
    "msPlayed" : 916945
  },
  {
    "endTime" : "2023-12-28 13:21",
    "podcastName" : "Up First",
    "episodeName" : "Disease In Gaza, New York Times vs. ChatGPT, Hottest Year On Record",
    "msPlayed" : 796580
  },
  {
    "endTime" : "2023-12-28 13:27",
    "podcastName" : "Up First",
    "episodeName" : "Disease In Gaza, New York Times vs. ChatGPT, Hottest Year On Record",
    "msPlayed" : 61070
  },
  {
    "endTime" : "2023-12-28 13:30",
    "podcastName" : "Up First",
    "episodeName" : "Disease In Gaza, New York Times vs. ChatGPT, Hottest Year On Record",
    "msPlayed" : 12260
  },
  {
    "endTime" : "2023-12-28 14:32",
    "podcastName" : "The Daily",
    "episodeName" : "A Mother, a Daughter, a Deadly Journey: An Update",
    "msPlayed" : 1054418
  },
  {
    "endTime" : "2023-12-29 13:22",
    "podcastName" : "Up First",
    "episodeName" : "Israel-Gaza Latest, Poland Border Blockade, Georgia Map Ruling",
    "msPlayed" : 829817
  },
  {
    "endTime" : "2023-12-29 21:05",
    "podcastName" : "The Journal.",
    "episodeName" : "The Taco Tuesday Fight Is Over",
    "msPlayed" : 1074971
  },
  {
    "endTime" : "2023-12-29 21:19",
    "podcastName" : "The Times: Essential news from the L.A. Times",
    "episodeName" : "How trans surfers find community",
    "msPlayed" : 7960
  },
  {
    "endTime" : "2024-01-01 18:16",
    "podcastName" : "NPR News Now",
    "episodeName" : "NPR News: 01-01-2024 12PM EST",
    "msPlayed" : 0
  },
  {
    "endTime" : "2024-01-01 18:17",
    "podcastName" : "Up First",
    "episodeName" : "Politics in 2024, An Economic Preview, Using AI for Climate Solutions",
    "msPlayed" : 0
  },
  {
    "endTime" : "2024-01-09 13:21",
    "podcastName" : "Up First",
    "episodeName" : "Trump Immunity Arguments, Blinken in Israel, FAFSA Mistake",
    "msPlayed" : 858253
  },
  {
    "endTime" : "2024-01-09 23:21",
    "podcastName" : "The Journal.",
    "episodeName" : "A Hole in a Plane and a Headache for Boeing",
    "msPlayed" : 901568
  },
  {
    "endTime" : "2024-01-10 13:21",
    "podcastName" : "Up First",
    "episodeName" : "Trump Immunity Trial, Lloyd Austin Diagnosis, Mayorkas Impeachment",
    "msPlayed" : 891977
  },
  {
    "endTime" : "2024-01-10 22:51",
    "podcastName" : "The Journal.",
    "episodeName" : "‘We Were Attacked’: Militants Upend Global Shipping",
    "msPlayed" : 691979
  },
  {
    "endTime" : "2024-01-15 12:40",
    "podcastName" : "Up First",
    "episodeName" : "Iowa caucuses, 100 days of Israel-Hamas war and Guatemala inaugurates a new president",
    "msPlayed" : 179420
  },
  {
    "endTime" : "2024-01-15 13:07",
    "podcastName" : "Up First",
    "episodeName" : "Iowa caucuses, 100 days of Israel-Hamas war and Guatemala inaugurates a new president",
    "msPlayed" : 6524
  },
  {
    "endTime" : "2024-01-16 13:07",
    "podcastName" : "Up First",
    "episodeName" : "Trump wins Iowa, Iowa's significance and what to expect in New Hampshire's primaries",
    "msPlayed" : 5967
  }
]