{
  "tracks": [
    {
      "artist": "Giveon",
      "album": "Give Or Take",
      "track": "Unholy Matrimony",
      "uri": "spotify:track:1nTNZgKeqm4ODmIVL07nxe"
    },
    {
      "artist": "Pusha T",
      "album": "DAYTONA",
      "track": "The Games We Play",
      "uri": "spotify:track:7iEoaTyBCqLaAwJnOP1BTn"
    },
    {
      "artist": "Pusha T",
      "album": "It's Almost Dry",
      "track": "Dreamin Of The Past (feat. Kanye West)",
      "uri": "spotify:track:3Wx98ijEDnsxyMYePCuFNI"
    },
    {
      "artist": "Kendrick Lamar",
      "album": "To Pimp A Butterfly",
      "track": "Wesley's Theory",
      "uri": "spotify:track:7Ks4VCY1wFebnOdJrM13t6"
    },
    {
      "artist": "Summer Walker",
      "album": "Still Over It",
      "track": "No Love (with SZA)",
      "uri": "spotify:track:08SB2OtZkaliju77WYEKxk"
    },
    {
      "artist": "Baby Keem",
      "album": "The Hillbillies",
      "track": "The Hillbillies",
      "uri": "spotify:track:1h6w4POXM2LfG4ZD4xUfZQ"
    },
    {
      "artist": "Kali Uchis",
      "album": "Red Moon In Venus",
      "track": "Moral Conscience",
      "uri": "spotify:track:5lrG8pjDvOJA8MdZB4YcfY"
    },
    {
      "artist": "Lil Yachty",
      "album": "Let’s Start Here.",
      "track": "REACH THE SUNSHINE.",
      "uri": "spotify:track:0t8YVhiyInlDW9cHtMGhJg"
    },
    {
      "artist": "Sudan Archives",
      "album": "Natural Brown Prom Queen",
      "track": "Freakalizer",
      "uri": "spotify:track:1Dy0DNtetR2wtHTk006nO2"
    },
    {
      "artist": "Kali Uchis",
      "album": "Isolation",
      "track": "After The Storm (feat. Tyler, The Creator & Bootsy Collins)",
      "uri": "spotify:track:1otG6j1WHNvl9WgXLWkHTo"
    },
    {
      "artist": "Anderson .Paak",
      "album": "Oxnard",
      "track": "Cheers (feat. Q-Tip)",
      "uri": "spotify:track:4qNijbGeHqlcFWrGrATFOX"
    },
    {
      "artist": "Nas",
      "album": "King's Disease III",
      "track": "Once a Man, Twice a Child",
      "uri": "spotify:track:44NRxh8pJUtBRTAQU37irX"
    },
    {
      "artist": "Smino",
      "album": "Luv 4 Rent",
      "track": "90 Proof (with J. Cole)",
      "uri": "spotify:track:078lbDGGTqBuTKU3bypXxQ"
    },
    {
      "artist": "Amber Mark",
      "album": "Three Dimensions Deep",
      "track": "FOMO",
      "uri": "spotify:track:00ncxi6KW6Ly1Ts0pOH8si"
    },
    {
      "artist": "Giveon",
      "album": "TAKE TIME",
      "track": "Heartbreak Anniversary",
      "uri": "spotify:track:3FAJ6O0NOHQV8Mc5Ri6ENp"
    },
    {
      "artist": "Denzel Curry",
      "album": "Melt My Eyez See Your Future",
      "track": "Melt Session #1 - Cold Blooded Soul Version",
      "uri": "spotify:track:0U1ZzfstbEYbqTmxRy95pp"
    },
    {
      "artist": "Doja Cat",
      "album": "Planet Her",
      "track": "Woman",
      "uri": "spotify:track:6Uj1ctrBOjOas8xZXGqKk4"
    },
    {
      "artist": "JID",
      "album": "The Forever Story",
      "track": "Dance Now (feat. Kenny Mason)",
      "uri": "spotify:track:2WrldKXSBVbNNm3A9vJryi"
    },
    {
      "artist": "Little Simz",
      "album": "GREY Area",
      "track": "101 FM",
      "uri": "spotify:track:5pSCNRGLvjjU9tMOh7mvq1"
    },
    {
      "artist": "Chris Stapleton",
      "album": "Starting Over",
      "track": "Whiskey Sunrise",
      "uri": "spotify:track:46oDBddhwu0gfFr2z1fvh5"
    },
    {
      "artist": "Lana Del Rey",
      "album": "Did you know that there's a tunnel under Ocean Blvd",
      "track": "A&W",
      "uri": "spotify:track:5nW4z3pfZgJAJ2QTCz9AIE"
    },
    {
      "artist": "Doja Cat",
      "album": "Planet Her",
      "track": "Naked",
      "uri": "spotify:track:0CsR9Y9SnC6ZWmekmVqSHz"
    },
    {
      "artist": "Smino",
      "album": "Luv 4 Rent",
      "track": "Defibrillator",
      "uri": "spotify:track:2RhOjNQEBhQGhaWYPtAUDc"
    },
    {
      "artist": "JID",
      "album": "The Forever Story",
      "track": "Can’t Punk Me (feat. EARTHGANG)",
      "uri": "spotify:track:2H2l7zo9EqtqxFr8R8N8Zg"
    },
    {
      "artist": "Denzel Curry",
      "album": "Melt My Eyez See Your Future",
      "track": "Angelz - Cold Blooded Soul Version",
      "uri": "spotify:track:2Z5QRBCb1VZk35fkqkrskL"
    },
    {
      "artist": "Daniel Caesar",
      "album": "NEVER ENOUGH",
      "track": "Please Do Not Lean (feat. BADBADNOTGOOD) - Bonus",
      "uri": "spotify:track:0BYuy4jQEMJzyo6rySSQpC"
    },
    {
      "artist": "Smino",
      "album": "Luv 4 Rent",
      "track": "Curtains",
      "uri": "spotify:track:1t1k0q2YXX5dD0aVUrV2SW"
    },
    {
      "artist": "Little Simz",
      "album": "Sometimes I Might Be Introvert",
      "track": "Fear No Man",
      "uri": "spotify:track:5joVlycLPsmQSpchSTCmTl"
    },
    {
      "artist": "Brent Faiyaz",
      "album": "WASTELAND",
      "track": "ALL MINE",
      "uri": "spotify:track:3XgGQ1wjo5khvq2UImjyNF"
    },
    {
      "artist": "Saba",
      "album": "Few Good Things",
      "track": "Few Good Things (feat. Black Thought and Eryn Allen Kane)",
      "uri": "spotify:track:61fQSX9Dq75oDhJbIP8v9n"
    },
    {
      "artist": "Chris Stapleton",
      "album": "Starting Over",
      "track": "Arkansas",
      "uri": "spotify:track:0NdEdsXS9jbX1hnufawZ0z"
    },
    {
      "artist": "Summer Walker",
      "album": "Still Over It",
      "track": "Insane",
      "uri": "spotify:track:3pcxxaUxAMSfz2zgetHydD"
    },
    {
      "artist": "Brent Faiyaz",
      "album": "WASTELAND",
      "track": "ADDICTIONS (FEAT. Tre' Amani)",
      "uri": "spotify:track:01VzuxoBYMAJLObfU0w6dI"
    },
    {
      "artist": "Denzel Curry",
      "album": "Melt My Eyez See Your Future",
      "track": "The Ills - Cold Blooded Soul Version",
      "uri": "spotify:track:1qbk40CMjPGHyvuZ6D0Ota"
    },
    {
      "artist": "Pusha T",
      "album": "It's Almost Dry",
      "track": "Call My Bluff",
      "uri": "spotify:track:1oFYibU1RzB4OKE5iI3SyR"
    },
    {
      "artist": "Denzel Curry",
      "album": "Melt My Eyez See Your Future",
      "track": "Melt Session #1 [Feat. Robert Glasper]",
      "uri": "spotify:track:1GmIFHYT3N2V3G0MoYhEil"
    },
    {
      "artist": "Michael Kiwanuka",
      "album": "KIWANUKA",
      "track": "Rolling",
      "uri": "spotify:track:3CQBal6JaIQziWGgX7FUqB"
    },
    {
      "artist": "Little Simz",
      "album": "GREY Area",
      "track": "Wounds",
      "uri": "spotify:track:4lrGIVT5CvwirFcBlb5lor"
    },
    {
      "artist": "Lana Del Rey",
      "album": "Did you know that there's a tunnel under Ocean Blvd",
      "track": "Let The Light In (feat. Father John Misty)",
      "uri": "spotify:track:4qG7hWhljsqqENL5PaLA2z"
    },
    {
      "artist": "Lil Yachty",
      "album": "Let’s Start Here.",
      "track": "IVE OFFICIALLY LOST ViSiON!!!!",
      "uri": "spotify:track:4PXuZYWhkyGXQzfSRy2PW1"
    },
    {
      "artist": "Amber Mark",
      "album": "Three Dimensions Deep",
      "track": "Cosmic",
      "uri": "spotify:track:2Mf5invtZli9zbBfVQAzre"
    },
    {
      "artist": "Dijon",
      "album": "Absolutely",
      "track": "Big Mike's",
      "uri": "spotify:track:49FA0CCwP0GmIVbPzBqjD4"
    },
    {
      "artist": "Summer Walker",
      "album": "Still Over It",
      "track": "Unloyal (with Ari Lennox)",
      "uri": "spotify:track:081Shn2hU3YxvQmGaCPegr"
    },
    {
      "artist": "Pusha T",
      "album": "It's Almost Dry",
      "track": "Neck & Wrist (feat. JAY-Z & Pharrell Williams)",
      "uri": "spotify:track:7kQJCw0ZkvHgfJqRwPblmG"
    },
    {
      "artist": "Billie Eilish",
      "album": "What Was I Made For? [From The Motion Picture \"Barbie\"]",
      "track": "What Was I Made For? [From The Motion Picture \"Barbie\"]",
      "uri": "spotify:track:6wf7Yu7cxBSPrRlWeSeK0Q"
    },
    {
      "artist": "Lana Del Rey",
      "album": "Did you know that there's a tunnel under Ocean Blvd",
      "track": "Grandfather please stand on the shoulders of my father while he's deep-sea fishing (feat. RIOPY)",
      "uri": "spotify:track:55LnC7VuUvayQ3fW0CvDL6"
    },
    {
      "artist": "Anderson .Paak",
      "album": "Oxnard",
      "track": "The Chase (feat. Kadhja Bonet)",
      "uri": "spotify:track:48Y9pNe30o273HGYKyMKj9"
    },
    {
      "artist": "Little Simz",
      "album": "Sometimes I Might Be Introvert",
      "track": "How Did You Get Here",
      "uri": "spotify:track:1A9gMkPaSbUPLrEbP56Fp5"
    },
    {
      "artist": "Zach Bryan",
      "album": "Zach Bryan",
      "track": "Oklahoman Son",
      "uri": "spotify:track:4ueTr01dkL360w1knfh21C"
    },
    {
      "artist": "Lianne La Havas",
      "album": "Blood",
      "track": "Wonderful",
      "uri": "spotify:track:2OQRTHRncJ5YeuirHlvErE"
    },
    {
      "artist": "Anderson .Paak",
      "album": "Malibu",
      "track": "Without You (feat. Rapsody)",
      "uri": "spotify:track:2UYPFtrIIaIQdxLCaFwjFu"
    },
    {
      "artist": "Leon Bridges",
      "album": "Sweeter (feat. Terrace Martin)",
      "track": "Sweeter (feat. Terrace Martin)",
      "uri": "spotify:track:1ehhGlTvjtHo2e4xJFB0SZ"
    },
    {
      "artist": "Sudan Archives",
      "album": "Natural Brown Prom Queen",
      "track": "FLUE",
      "uri": "spotify:track:55jcJGpTSV5oFSoMP1zO2c"
    },
    {
      "artist": "Sampha",
      "album": "Process",
      "track": "Timmy's Prayer",
      "uri": "spotify:track:50uD9tpwMuhL5KIw2u3ULk"
    },
    {
      "artist": "Kali Uchis",
      "album": "Isolation",
      "track": "Your Teeth In My Neck",
      "uri": "spotify:track:54IbnYEdA3ymfxv07WgN3b"
    },
    {
      "artist": "Chloe x Halle",
      "album": "Ungodly Hour",
      "track": "Tipsy",
      "uri": "spotify:track:5GXuUITCCWAG4h8ABnQ8ve"
    },
    {
      "artist": "SZA",
      "album": "Ctrl",
      "track": "Drew Barrymore",
      "uri": "spotify:track:06u5LrUpbosQlQ1QJFhPpG"
    },
    {
      "artist": "Yola",
      "album": "Stand For Myself",
      "track": "Barely Alive",
      "uri": "spotify:track:30w3WBQp3YvmUquhiHtEkO"
    },
    {
      "artist": "Pusha T",
      "album": "It's Almost Dry",
      "track": "I Pray For You (feat. Labrinth & MALICE)",
      "uri": "spotify:track:7HsG7U7aQhafXqa41dBxlK"
    },
    {
      "artist": "Billie Eilish",
      "album": "WHEN WE ALL FALL ASLEEP, WHERE DO WE GO?",
      "track": "i love you",
      "uri": "spotify:track:6CcJMwBtXByIz4zQLzFkKc"
    },
    {
      "artist": "Sampha",
      "album": "Process",
      "track": "Under",
      "uri": "spotify:track:4NymlHYXIzso0S1TPWUSid"
    },
    {
      "artist": "Little Simz",
      "album": "GREY Area",
      "track": "Offence",
      "uri": "spotify:track:255XENrbBfTCRz6XBL7jJR"
    },
    {
      "artist": "Billie Eilish",
      "album": "Happier Than Ever",
      "track": "Oxytocin",
      "uri": "spotify:track:4t2OeILB07eMGTXSUbMPEu"
    },
    {
      "artist": "JID",
      "album": "The Forever Story",
      "track": "Bruddanem (feat. Lil Durk)",
      "uri": "spotify:track:3n31mf1JGlRxAGwHwx3pDd"
    },
    {
      "artist": "Lianne La Havas",
      "album": "Lianne La Havas",
      "track": "Sour Flower",
      "uri": "spotify:track:3opQwVHIpSMHubh9n9hn27"
    },
    {
      "artist": "Yola",
      "album": "Stand For Myself",
      "track": "Starlight",
      "uri": "spotify:track:1R4nFxIiipVTeUSFdOnVIy"
    },
    {
      "artist": "SZA",
      "album": "Ctrl",
      "track": "Normal Girl",
      "uri": "spotify:track:5fQBa4wkmq28xpSLOQ202K"
    },
    {
      "artist": "Genesis Owusu",
      "album": "Smiling with No Teeth",
      "track": "Bye Bye",
      "uri": "spotify:track:0yIvgtqLRqmJGh8CPpHRnC"
    },
    {
      "artist": "El Michels Affair",
      "album": "Glorious Game",
      "track": "Miracle",
      "uri": "spotify:track:0hxmWb8l6NlmG63tyQBL68"
    },
    {
      "artist": "Chris Stapleton",
      "album": "Traveller",
      "track": "Tennessee Whiskey",
      "uri": "spotify:track:3fqwjXwUGN6vbzIwvyFMhx"
    },
    {
      "artist": "Denzel Curry",
      "album": "Melt My Eyez See Your Future",
      "track": "Mental [Feat. Saul Williams & Bridget Perez]",
      "uri": "spotify:track:3rMQe2is2UAxuhtFjRyYyz"
    },
    {
      "artist": "Ms. Lauryn Hill",
      "album": "The Miseducation of Lauryn Hill",
      "track": "Lost Ones",
      "uri": "spotify:track:71XhXay6rKPZCVAaDtFlSR"
    },
    {
      "artist": "Danger Mouse",
      "album": "Cheat Codes",
      "track": "No Gold Teeth",
      "uri": "spotify:track:1t7WfCStM6zgIHWF3koej7"
    },
    {
      "artist": "Kali Uchis",
      "album": "Te Mata",
      "track": "Te Mata",
      "uri": "spotify:track:4kvDU8vfvxupVezsVPag5v"
    },
    {
      "artist": "SZA",
      "album": "SOS",
      "track": "Ghost in the Machine (feat. Phoebe Bridgers)",
      "uri": "spotify:track:4h5x3XHLVYFJaItKuO2rhy"
    },
    {
      "artist": "Lil Yachty",
      "album": "Let’s Start Here.",
      "track": "WE SAW THE SUN!",
      "uri": "spotify:track:7FqH4CO8H5j9EXHKTBP7xE"
    },
    {
      "artist": "Daniel Caesar",
      "album": "NEVER ENOUGH",
      "track": "Let Me Go",
      "uri": "spotify:track:3ym8ajVmKm6Fybgov3WBI5"
    },
    {
      "artist": "Denzel Curry",
      "album": "Melt My Eyez See Your Future",
      "track": "Troubles [Feat. T-Pain]",
      "uri": "spotify:track:5gAYHuWkL18ccsxM6akJXP"
    },
    {
      "artist": "Kendrick Lamar",
      "album": "To Pimp A Butterfly",
      "track": "Institutionalized",
      "uri": "spotify:track:4oFtLSgHyZPNYDCcANhTnO"
    },
    {
      "artist": "Sudan Archives",
      "album": "Athena",
      "track": "Glorious",
      "uri": "spotify:track:6YXGf2LKll9avrspBPeZ7b"
    },
    {
      "artist": "Giveon",
      "album": "Give Or Take",
      "track": "Scarred",
      "uri": "spotify:track:5PSYn0XVImstXPFFDtajEK"
    },
    {
      "artist": "Lil Yachty",
      "album": "Let’s Start Here.",
      "track": "running out of time",
      "uri": "spotify:track:7zy7iE31dGO70ShMXghsfj"
    },
    {
      "artist": "Terrace Martin",
      "album": "Dinner Party: Dessert",
      "track": "Love You Bad (feat. Malaya & Phoelix)",
      "uri": "spotify:track:4bZ7AZNl13T2t5VI6Dzn1m"
    },
    {
      "artist": "Kendrick Lamar",
      "album": "Mr. Morale & The Big Steppers",
      "track": "Father Time (feat. Sampha)",
      "uri": "spotify:track:28qA8y1sz0FTuSapsCxNOG"
    },
    {
      "artist": "Saba",
      "album": "Few Good Things",
      "track": "One Way or Every N***a With a Budget",
      "uri": "spotify:track:1HUPcJgYQXXxmlVouv1Mop"
    },
    {
      "artist": "SZA",
      "album": "Good Days",
      "track": "Good Days",
      "uri": "spotify:track:3YJJjQPAbDT7mGpX3WtQ9A"
    },
    {
      "artist": "Zach Bryan",
      "album": "Zach Bryan",
      "track": "Overtime",
      "uri": "spotify:track:5pIVEk6Di7n1v5khOzJaJL"
    },
    {
      "artist": "Amber Mark",
      "album": "Three Dimensions Deep",
      "track": "Bliss",
      "uri": "spotify:track:4Csvnz7PR04ttCcDAhUz6o"
    },
    {
      "artist": "Nas",
      "album": "King's Disease III",
      "track": "Hood2Hood",
      "uri": "spotify:track:6wkcCWy0qkFbIpHNh6dBg5"
    },
    {
      "artist": "SZA",
      "album": "SOS",
      "track": "I Hate U",
      "uri": "spotify:track:2aJnyNu4PQxQ2lyj5boiMG"
    },
    {
      "artist": "Kali Uchis",
      "album": "Isolation",
      "track": "Dead To Me",
      "uri": "spotify:track:6LOZws7T3jqZz78unPgFF9"
    },
    {
      "artist": "Pusha T",
      "album": "DAYTONA",
      "track": "Santeria",
      "uri": "spotify:track:4LKSaRoKNnlpKXTT663BrT"
    },
    {
      "artist": "SZA",
      "album": "Ctrl",
      "track": "Broken Clocks",
      "uri": "spotify:track:2fXwCWkh6YG5zU1IyvQrbs"
    },
    {
      "artist": "Mac Miller",
      "album": "Swimming",
      "track": "Self Care",
      "uri": "spotify:track:5bJ1DrEM4hNCafcDd1oxHx"
    },
    {
      "artist": "Jazmine Sullivan",
      "album": "Heaux Tales, Mo' Tales: The Deluxe",
      "track": "Hurt Me So Good",
      "uri": "spotify:track:5r5ZnPLcNEZf6BGKi7y3aZ"
    },
    {
      "artist": "Kendrick Lamar",
      "album": "To Pimp A Butterfly",
      "track": "Alright",
      "uri": "spotify:track:3iVcZ5G6tvkXZkZKlMpIUs"
    },
    {
      "artist": "EARTHGANG",
      "album": "GHETTO GODS",
      "track": "STRONG FRIENDS",
      "uri": "spotify:track:4A4WBqGZmp80B5mI824Rx5"
    },
    {
      "artist": "EARTHGANG",
      "album": "GHETTO GODS",
      "track": "WATERBOYZ (with JID & J. Cole)",
      "uri": "spotify:track:1KyXCd04yHni5pMGFwgzuE"
    },
    {
      "artist": "Amber Mark",
      "album": "Three Dimensions Deep",
      "track": "Most Men",
      "uri": "spotify:track:6seUWmpQYZBM6gDjt4ht7T"
    },
    {
      "artist": "Chris Stapleton",
      "album": "Starting Over",
      "track": "Nashville, TN",
      "uri": "spotify:track:0fLeL6TVmrMgDMW1iC1puo"
    },
    {
      "artist": "Yola",
      "album": "Stand For Myself",
      "track": "Great Divide",
      "uri": "spotify:track:3KLupX8h15o4JcZXHBzLI5"
    },
    {
      "artist": "FKA twigs",
      "album": "CAPRISONGS",
      "track": "minds of men",
      "uri": "spotify:track:6rjnUkLj645A70RfJnCnPI"
    },
    {
      "artist": "Kendrick Lamar",
      "album": "To Pimp A Butterfly",
      "track": "Momma",
      "uri": "spotify:track:0CjJqkWOpIUXdem5hUcxAk"
    },
    {
      "artist": "Dijon",
      "album": "Absolutely",
      "track": "Rodeo Clown",
      "uri": "spotify:track:1km9AsmFeKZpeR4VvPYsJh"
    },
    {
      "artist": "FKA twigs",
      "album": "CAPRISONGS",
      "track": "honda (feat. pa salieu)",
      "uri": "spotify:track:6kZsTttxl7h4BLGSRWQnTp"
    },
    {
      "artist": "El Michels Affair",
      "album": "Glorious Game",
      "track": "I'm Still Somehow",
      "uri": "spotify:track:4BGQmgTuHxiK6WrYb4dj0z"
    },
    {
      "artist": "Chloe x Halle",
      "album": "Ungodly Hour",
      "track": "Ungodly Hour",
      "uri": "spotify:track:0JLcFGzhW8cs2H6AwQFSzC"
    },
    {
      "artist": "Little Simz",
      "album": "NO THANK YOU",
      "track": "Heart on Fire",
      "uri": "spotify:track:5OJUTZS9QE2qem6FDsEnOM"
    },
    {
      "artist": "Ari Lennox",
      "album": "age/sex/location",
      "track": "Stop By",
      "uri": "spotify:track:2f4PvtF6upC4UWRE9yrF6v"
    },
    {
      "artist": "Baby Keem",
      "album": "The Melodic Blue",
      "track": "range brothers (with Kendrick Lamar)",
      "uri": "spotify:track:7vy76jf6qE0IvoREJrvZtg"
    },
    {
      "artist": "Yola",
      "album": "Stand For Myself",
      "track": "Dancing Away In Tears",
      "uri": "spotify:track:5PPrN7zj104wLUtAofZvwb"
    },
    {
      "artist": "Janelle Monáe",
      "album": "The Age of Pleasure",
      "track": "Haute",
      "uri": "spotify:track:1C9Ws8tfcCcdLk06buoiSU"
    },
    {
      "artist": "Michael Kiwanuka",
      "album": "KIWANUKA",
      "track": "You Ain't The Problem",
      "uri": "spotify:track:3zJ5RDG0bLQAV2rntFgUtb"
    },
    {
      "artist": "Jazmine Sullivan",
      "album": "Stand Up (From the Original Motion Picture \"Till\")",
      "track": "Stand Up (From the Original Motion Picture \"Till\")",
      "uri": "spotify:track:6RfyQbkKctEp5rwAhrJCEM"
    },
    {
      "artist": "Doja Cat",
      "album": "Scarlet",
      "track": "Balut",
      "uri": "spotify:track:3yeVb5di44wD6CZ2sJromR"
    },
    {
      "artist": "Chris Stapleton",
      "album": "Higher",
      "track": "Think I'm In Love With You",
      "uri": "spotify:track:3Gn1zuHNLtGuGEOXwq0k7e"
    },
    {
      "artist": "Terrace Martin",
      "album": "Dinner Party: Dessert",
      "track": "From My Heart And My Soul (feat. Tarriona Tank Ball & Phoelix)",
      "uri": "spotify:track:1G3T5V2s3fKF0jhSjr2ZjQ"
    },
    {
      "artist": "Little Simz",
      "album": "Sometimes I Might Be Introvert",
      "track": "Woman",
      "uri": "spotify:track:60GM1mA58L7SYD1bLQXBho"
    },
    {
      "artist": "Nas",
      "album": "King's Disease III",
      "track": "Recession Proof",
      "uri": "spotify:track:5IITkOxqG4qbxASeYUlQdr"
    },
    {
      "artist": "Smino",
      "album": "Luv 4 Rent",
      "track": "Settle Down (with Cory Henry, Ravyn Lenae)",
      "uri": "spotify:track:48FaBfZfSV5i3PjEqtDNzs"
    },
    {
      "artist": "Billie Eilish",
      "album": "Happier Than Ever",
      "track": "Therefore I Am",
      "uri": "spotify:track:20R4HfKloPKgXDqU7UKk3x"
    },
    {
      "artist": "Danger Mouse",
      "album": "Cheat Codes",
      "track": "Violas and Lupitas",
      "uri": "spotify:track:1mm09D0yUumTNIue8n8QgS"
    },
    {
      "artist": "Caroline Polachek",
      "album": "Desire, I Want To Turn Into You",
      "track": "I Believe",
      "uri": "spotify:track:6GqesoY3jZD9BqT1v4UEmk"
    },
    {
      "artist": "Little Simz",
      "album": "Sometimes I Might Be Introvert",
      "track": "Little Q, Pt. 2",
      "uri": "spotify:track:4W15aoR7Rl8ppUJxm05IFw"
    },
    {
      "artist": "Chris Stapleton",
      "album": "Starting Over",
      "track": "Maggie's Song",
      "uri": "spotify:track:50QWBrZFAhD6N4B0tbfET9"
    },
    {
      "artist": "Zach Bryan",
      "album": "Zach Bryan",
      "track": "Summertime's Close",
      "uri": "spotify:track:7eOuUmpnHBlg5zsm8Cs7c3"
    },
    {
      "artist": "Kendrick Lamar",
      "album": "To Pimp A Butterfly",
      "track": "King Kunta",
      "uri": "spotify:track:0N3W5peJUQtI4eyR6GJT5O"
    },
    {
      "artist": "Kali Uchis",
      "album": "Red Moon In Venus",
      "track": "Moonlight",
      "uri": "spotify:track:0JmnkIqdlnUzPaf8sqBRs3"
    },
    {
      "artist": "Lianne La Havas",
      "album": "Blood",
      "track": "Tokyo",
      "uri": "spotify:track:7KxxbPoJexYNsguPtQ7YZq"
    },
    {
      "artist": "EARTHGANG",
      "album": "GHETTO GODS",
      "track": "LIE TO ME",
      "uri": "spotify:track:6Cd4O7wpDas5PQruBM58S4"
    },
    {
      "artist": "Lana Del Rey",
      "album": "Did you know that there's a tunnel under Ocean Blvd",
      "track": "Fingertips",
      "uri": "spotify:track:1BUckPDAi8NYfLN7EiQcQA"
    },
    {
      "artist": "Ari Lennox",
      "album": "age/sex/location",
      "track": "Blocking You",
      "uri": "spotify:track:0WGJjIp2TvvA9JZERGG6n1"
    },
    {
      "artist": "Billie Eilish",
      "album": "WHEN WE ALL FALL ASLEEP, WHERE DO WE GO?",
      "track": "wish you were gay",
      "uri": "spotify:track:3Fj47GNK2kUF0uaEDgXLaD"
    },
    {
      "artist": "Michael Kiwanuka",
      "album": "KIWANUKA",
      "track": "Final Days",
      "uri": "spotify:track:4CJiAsRwM7MaCgWlnFaSRz"
    },
    {
      "artist": "Lana Del Rey",
      "album": "Did you know that there's a tunnel under Ocean Blvd",
      "track": "Peppers (feat. Tommy Genesis)",
      "uri": "spotify:track:2Rlso2ZNV0PaWwUYeeBYxx"
    },
    {
      "artist": "Danger Mouse",
      "album": "Cheat Codes",
      "track": "Strangers (feat. A$AP Rocky and Run The Jewels)",
      "uri": "spotify:track:4b9cdjpEqR9ufNZTLevuAD"
    },
    {
      "artist": "Kendrick Lamar",
      "album": "Mr. Morale & The Big Steppers",
      "track": "Auntie Diaries",
      "uri": "spotify:track:1uY1X8YeBixs1FdQ3fQ7d4"
    },
    {
      "artist": "Danger Mouse",
      "album": "Cheat Codes",
      "track": "Cheat Codes",
      "uri": "spotify:track:5rs2Jgvzv2rmXhC7cc6ido"
    },
    {
      "artist": "Pusha T",
      "album": "It's Almost Dry",
      "track": "Brambleton",
      "uri": "spotify:track:7qQMtg44hxQ0ga7NhyyNxR"
    },
    {
      "artist": "Beyoncé",
      "album": "RENAISSANCE",
      "track": "HEATED",
      "uri": "spotify:track:1w7cgGZR86yWz1pA2puVJD"
    },
    {
      "artist": "Lana Del Rey",
      "album": "Did you know that there's a tunnel under Ocean Blvd",
      "track": "The Grants",
      "uri": "spotify:track:3KbOflJ5JqHWtmco4PiO3h"
    },
    {
      "artist": "Daniel Caesar",
      "album": "NEVER ENOUGH",
      "track": "Shot My Baby",
      "uri": "spotify:track:7mKfycH5WrhcN2hfe5g2xa"
    },
    {
      "artist": "Saba",
      "album": "Few Good Things",
      "track": "Come My Way (feat. Krayzie Bone)",
      "uri": "spotify:track:632yrSGGr6F4HQdGVUykBI"
    },
    {
      "artist": "Billie Eilish",
      "album": "WHEN WE ALL FALL ASLEEP, WHERE DO WE GO?",
      "track": "listen before i go",
      "uri": "spotify:track:0tMSssfxAL2oV8Vri0mFHE"
    },
    {
      "artist": "Kendrick Lamar",
      "album": "Mr. Morale & The Big Steppers",
      "track": "The Heart Part 5",
      "uri": "spotify:track:5qbhVL3vB7HwWvb0042B7y"
    },
    {
      "artist": "Cautious Clay",
      "album": "Karma & Friends",
      "track": "Karma & Friends",
      "uri": "spotify:track:5bzXWaxInedSVFe7w18hgf"
    },
    {
      "artist": "Sudan Archives",
      "album": "Natural Brown Prom Queen",
      "track": "#513",
      "uri": "spotify:track:2MCVlv2iFMoUm8F81qbfNe"
    },
    {
      "artist": "Jazmine Sullivan",
      "album": "Heaux Tales, Mo' Tales: The Deluxe",
      "track": "Roster",
      "uri": "spotify:track:7ydDdvP0VpVLvaK8iG63HH"
    },
    {
      "artist": "JID",
      "album": "The Forever Story",
      "track": "Better Days (feat. Johnta Austin)",
      "uri": "spotify:track:01uxEKAn9PjVOagvwWOSiS"
    },
    {
      "artist": "Don Toliver",
      "album": "Heaven Or Hell",
      "track": "After Party",
      "uri": "spotify:track:527k23H0A4Q0UJN3vGs0Da"
    },
    {
      "artist": "Sudan Archives",
      "album": "Natural Brown Prom Queen",
      "track": "Home Maker",
      "uri": "spotify:track:5vGZX134ZZktjCEYoDm462"
    },
    {
      "artist": "Pusha T",
      "album": "DAYTONA",
      "track": "Come Back Baby",
      "uri": "spotify:track:2BuBXn15gj4MNYZydyWgrk"
    },
    {
      "artist": "Sampha",
      "album": "Lahai",
      "track": "Suspended",
      "uri": "spotify:track:1maIZ0gsjVbdANLvl4v0ao"
    },
    {
      "artist": "Ms. Lauryn Hill",
      "album": "The Miseducation of Lauryn Hill",
      "track": "Tell Him",
      "uri": "spotify:track:7iCs98iS5n6KCI4q3H7zp9"
    },
    {
      "artist": "Jazmine Sullivan",
      "album": "Heaux Tales",
      "track": "Girl Like Me (feat. H.E.R.)",
      "uri": "spotify:track:2sXydP9vPEYUH4uAWotuGu"
    },
    {
      "artist": "Yola",
      "album": "Stand For Myself",
      "track": "Now You're Here",
      "uri": "spotify:track:2iAzigOFf61dLLPaiEDAcZ"
    },
    {
      "artist": "Janelle Monáe",
      "album": "The Age of Pleasure",
      "track": "Phenomenal (feat. Doechii)",
      "uri": "spotify:track:5iDrSIUAbuajDctFTGRRiR"
    },
    {
      "artist": "Nas",
      "album": "King's Disease III",
      "track": "Legit",
      "uri": "spotify:track:0N7KYoFclzCaF5COp7BIlH"
    },
    {
      "artist": "Lupe Fiasco",
      "album": "DRILL MUSIC IN ZION",
      "track": "ON FAUX NEM",
      "uri": "spotify:track:0sCtBy5i9pZUwMq3Il1O4U"
    },
    {
      "artist": "Bruno Mars",
      "album": "An Evening With Silk Sonic",
      "track": "Smokin Out The Window",
      "uri": "spotify:track:1oERlssLrpssCAY6Yqqs6c"
    },
    {
      "artist": "Nas",
      "album": "King's Disease III",
      "track": "Thun",
      "uri": "spotify:track:6tSemeCMDHYp5gqmKDJcn2"
    },
    {
      "artist": "FKA twigs",
      "album": "CAPRISONGS",
      "track": "papi bones (feat. shygirl)",
      "uri": "spotify:track:5W2s4S60GoNsUthU51aUb8"
    },
    {
      "artist": "Kendrick Lamar",
      "album": "Mr. Morale & The Big Steppers",
      "track": "United In Grief",
      "uri": "spotify:track:5Gt9bxniM1SxN61yRzRhXL"
    },
    {
      "artist": "Baby Rose",
      "album": "I Won't Tell",
      "track": "I Won't Tell",
      "uri": "spotify:track:1zsv1BLFCSedZ2CbkGBb4k"
    },
    {
      "artist": "Little Simz",
      "album": "GREY Area",
      "track": "Flowers",
      "uri": "spotify:track:5PrVJBp2pyJxKDKXVKDiGq"
    },
    {
      "artist": "Leon Bridges",
      "album": "Good Thing",
      "track": "Bet Ain't Worth the Hand",
      "uri": "spotify:track:0VBBWt0uJxXNVb624WtOnC"
    },
    {
      "artist": "Billie Eilish",
      "album": "WHEN WE ALL FALL ASLEEP, WHERE DO WE GO?",
      "track": "all the good girls go to hell",
      "uri": "spotify:track:6IRdLKIyS4p7XNiP8r6rsx"
    },
    {
      "artist": "Little Simz",
      "album": "NO THANK YOU",
      "track": "No Merci",
      "uri": "spotify:track:552lBxKLGjerBDS8VYHOJn"
    },
    {
      "artist": "Beyoncé",
      "album": "RENAISSANCE",
      "track": "CUFF IT",
      "uri": "spotify:track:1xzi1Jcr7mEi9K2RfzLOqS"
    },
    {
      "artist": "Sampha",
      "album": "Process",
      "track": "Kora Sings",
      "uri": "spotify:track:14X3qGBUjZOlJwFktosHC1"
    },
    {
      "artist": "Dua Lipa",
      "album": "Future Nostalgia",
      "track": "Levitating",
      "uri": "spotify:track:1dI77VhaLcQSgQLSnIs03D"
    },
    {
      "artist": "Daniel Caesar",
      "album": "Freudian",
      "track": "We Find Love",
      "uri": "spotify:track:1TPLsNVlofwX1txcE9gZZF"
    },
    {
      "artist": "Dijon",
      "album": "Absolutely",
      "track": "Noah's Highlight Reel",
      "uri": "spotify:track:6wh2M0tJarZMrU4FTYGDfn"
    },
    {
      "artist": "Lianne La Havas",
      "album": "Lianne La Havas",
      "track": "Please Don't Make Me Cry",
      "uri": "spotify:track:45RztUROkc4H1pHoCtRR6c"
    },
    {
      "artist": "Giveon",
      "album": "Stuck On You",
      "track": "Stuck On You",
      "uri": "spotify:track:08HPWLi0YmRUStJzkQ1ffh"
    },
    {
      "artist": "Lianne La Havas",
      "album": "Blood",
      "track": "Ghost",
      "uri": "spotify:track:4bTFBpHCtmTXENZv5hHHB5"
    },
    {
      "artist": "Sudan Archives",
      "album": "Natural Brown Prom Queen",
      "track": "Homesick (Gorgeous & Arrogant)",
      "uri": "spotify:track:43bsBUJcuqgeDtF4jypkUT"
    },
    {
      "artist": "El Michels Affair",
      "album": "Glorious Game",
      "track": "Alter Ego",
      "uri": "spotify:track:3M765sMfXZadDRpUwcGKJV"
    },
    {
      "artist": "Amber Mark",
      "album": "Foreign Things",
      "track": "Foreign Things",
      "uri": "spotify:track:4Cz1StHxD06CZzr8NxvYfw"
    },
    {
      "artist": "Jazmine Sullivan",
      "album": "Heaux Tales",
      "track": "Pick Up Your Feelings",
      "uri": "spotify:track:4k2cAUUPp3VZdK4gwG9pxy"
    },
    {
      "artist": "Nas",
      "album": "King's Disease III",
      "track": "Beef",
      "uri": "spotify:track:2R4eQAxpjeJohoHc6cUBzl"
    },
    {
      "artist": "Kendrick Lamar",
      "album": "To Pimp A Butterfly",
      "track": "These Walls",
      "uri": "spotify:track:7uWVT3UkCAZyANvv0bdyQn"
    },
    {
      "artist": "Lupe Fiasco",
      "album": "DRILL MUSIC IN ZION",
      "track": "PRECIOUS THINGS",
      "uri": "spotify:track:7tcJBOwxqt3DxhCNuZq3gU"
    },
    {
      "artist": "Chris Stapleton",
      "album": "Starting Over",
      "track": "Starting Over",
      "uri": "spotify:track:3K07bGe8iljQ3mOKArHLDo"
    },
    {
      "artist": "SZA",
      "album": "SOS",
      "track": "Forgiveless (feat. Ol' Dirty Bastard)",
      "uri": "spotify:track:5IcP1PPnleZ2kuwKDyfNC5"
    },
    {
      "artist": "Jazmine Sullivan",
      "album": "Heaux Tales",
      "track": "On It",
      "uri": "spotify:track:4Xr6BbSSu5HhImp8vfxMbg"
    },
    {
      "artist": "Nas",
      "album": "King's Disease III",
      "track": "Serious Interlude",
      "uri": "spotify:track:3H6ULj4SwNvFIBgMEzjWMP"
    },
    {
      "artist": "Doja Cat",
      "album": "Hot Pink",
      "track": "Bottom Bitch",
      "uri": "spotify:track:1L0z2CQKrKJ2spYSMkfim9"
    },
    {
      "artist": "Beyoncé",
      "album": "RENAISSANCE",
      "track": "SUMMER RENAISSANCE",
      "uri": "spotify:track:3HyR1j49TY5ACP2lseF1jx"
    },
    {
      "artist": "Terrace Martin",
      "album": "Dinner Party",
      "track": "Freeze Tag (feat. Phoelix)",
      "uri": "spotify:track:47v4uUtj5AukJmCbMq4Kry"
    },
    {
      "artist": "Lil Yachty",
      "album": "Let’s Start Here.",
      "track": "the ride-",
      "uri": "spotify:track:04HeNxRRVjcwctfp2K2kMu"
    },
    {
      "artist": "Ari Lennox",
      "album": "age/sex/location",
      "track": "Waste My Time",
      "uri": "spotify:track:6Vt2v8xwxcGqAOcTKlBeWo"
    },
    {
      "artist": "Kali Uchis",
      "album": "Isolation",
      "track": "Just A Stranger (feat. Steve Lacy)",
      "uri": "spotify:track:1HA2V2EfAgJUBVOju4YfiB"
    },
    {
      "artist": "Doja Cat",
      "album": "Hot Pink",
      "track": "Rules",
      "uri": "spotify:track:1TMWcbxL5YF8rKsFHv5hAP"
    },
    {
      "artist": "Amber Mark",
      "album": "Three Dimensions Deep",
      "track": "Competition",
      "uri": "spotify:track:7KoTZO2hKMS4hUTbdnHb16"
    },
    {
      "artist": "Denzel Curry",
      "album": "Melt My Eyez See Your Future",
      "track": "Worst Comes To Worst - Cold Blooded Soul Version",
      "uri": "spotify:track:3D06Ij6ewsKQfe3UsAuJgK"
    },
    {
      "artist": "Anderson .Paak",
      "album": "Ventura",
      "track": "King James",
      "uri": "spotify:track:5ri4b7YQp2PWn8tl3MRYgE"
    },
    {
      "artist": "NxWorries",
      "album": "Yes Lawd!",
      "track": "Best One",
      "uri": "spotify:track:1IBPFXqn6qLeeiGMSyfBcA"
    },
    {
      "artist": "Caroline Polachek",
      "album": "Desire, I Want To Turn Into You",
      "track": "Fly To You (feat. Grimes and Dido)",
      "uri": "spotify:track:0RVn3A5FHQ8OgiIxuRkepW"
    },
    {
      "artist": "Chris Stapleton",
      "album": "Starting Over",
      "track": "Cold",
      "uri": "spotify:track:24nhOvYX2gk3txBbMzXeUB"
    },
    {
      "artist": "Sudan Archives",
      "album": "Natural Brown Prom Queen",
      "track": "Ciara",
      "uri": "spotify:track:1jSZYE0DyzD8jDke47YZWi"
    },
    {
      "artist": "Ms. Lauryn Hill",
      "album": "The Miseducation of Lauryn Hill",
      "track": "Ex-Factor",
      "uri": "spotify:track:2VjXGuPVVxyhMgER3Uz2Fe"
    },
    {
      "artist": "Dijon",
      "album": "Absolutely",
      "track": "The Dress",
      "uri": "spotify:track:0YMe6PHRbeDcN7KJdCG0bW"
    },
    {
      "artist": "Anderson .Paak",
      "album": "Ventura",
      "track": "Jet Black (feat. Brandy)",
      "uri": "spotify:track:70pZIQqQ37SrNCADx0FiPN"
    },
    {
      "artist": "Baby Keem",
      "album": "The Melodic Blue",
      "track": "scars",
      "uri": "spotify:track:0hEEtVeSFFBGQYZzfq0y1j"
    },
    {
      "artist": "Beyoncé",
      "album": "RENAISSANCE",
      "track": "PLASTIC OFF THE SOFA",
      "uri": "spotify:track:6ufcuVInt0ocHrUimDjGlb"
    },
    {
      "artist": "JID",
      "album": "The Forever Story",
      "track": "Kody Blu 31",
      "uri": "spotify:track:6ZGoFntcQUWTPGGQPQmecY"
    },
    {
      "artist": "Ms. Lauryn Hill",
      "album": "The Miseducation of Lauryn Hill",
      "track": "Every Ghetto, Every City",
      "uri": "spotify:track:6ioEEcJzOpLyIO6Dgn1RYS"
    },
    {
      "artist": "A Tribe Called Quest",
      "album": "Midnight Marauders",
      "track": "Award Tour (feat. Trugoy The Dove)",
      "uri": "spotify:track:5YTM7OgQDt9EJAYcfHLniJ"
    },
    {
      "artist": "Michael Kiwanuka",
      "album": "KIWANUKA",
      "track": "Living In Denial",
      "uri": "spotify:track:2MAvGEK5gCeXOwgPD6pb5Q"
    },
    {
      "artist": "Mac Miller",
      "album": "Swimming",
      "track": "Jet Fuel",
      "uri": "spotify:track:2JmFRXaJrkAUD2cs6U20KG"
    },
    {
      "artist": "Mac Miller",
      "album": "Swimming",
      "track": "Hurt Feelings",
      "uri": "spotify:track:5p7GiBZNL1afJJDUrOA6C8"
    },
    {
      "artist": "Summer Walker",
      "album": "Still Over It",
      "track": "4th Baby Mama",
      "uri": "spotify:track:3WSBP6JEf4Y2aKD2swQ8AG"
    },
    {
      "artist": "Smino",
      "album": "Luv 4 Rent",
      "track": "No L's",
      "uri": "spotify:track:12CNybio0Bxean3F3uYugU"
    },
    {
      "artist": "Caroline Polachek",
      "album": "Desire, I Want To Turn Into You",
      "track": "Pretty In Possible",
      "uri": "spotify:track:4Q5LWPIKCuV6LRdDeqOYM7"
    },
    {
      "artist": "Daniel Caesar",
      "album": "CASE STUDY 01",
      "track": "CYANIDE",
      "uri": "spotify:track:3uouaAVXpQR3X8RYkJyitQ"
    },
    {
      "artist": "Brent Faiyaz",
      "album": "WASTELAND",
      "track": "ROLE MODEL",
      "uri": "spotify:track:1wGpEisE7VmhhSazD8hZ5l"
    },
    {
      "artist": "FKA twigs",
      "album": "CAPRISONGS",
      "track": "jealousy (feat. rema)",
      "uri": "spotify:track:66fCNfMdIKsXOnSphorrwg"
    },
    {
      "artist": "NxWorries",
      "album": "Yes Lawd!",
      "track": "Get Bigger / Do U Luv",
      "uri": "spotify:track:08VNThwlDByBAaZUNZj1aS"
    },
    {
      "artist": "Lana Del Rey",
      "album": "Did you know that there's a tunnel under Ocean Blvd",
      "track": "Did you know that there's a tunnel under Ocean Blvd",
      "uri": "spotify:track:0HEzuLLojblUOaUSdmJ9gl"
    },
    {
      "artist": "Amber Mark",
      "album": "Three Dimensions Deep",
      "track": "One",
      "uri": "spotify:track:0mTUAKrbHIsllscGbeLPHm"
    },
    {
      "artist": "NxWorries",
      "album": "Yes Lawd!",
      "track": "Starlite",
      "uri": "spotify:track:6kkvWbBu8a07a8TevTF9JO"
    },
    {
      "artist": "Anderson .Paak",
      "album": "Malibu",
      "track": "Am I Wrong (feat. ScHoolboy Q)",
      "uri": "spotify:track:1UjyF6okUHhnVxaLV8ojsA"
    },
    {
      "artist": "Terrace Martin",
      "album": "Dinner Party",
      "track": "LUV U",
      "uri": "spotify:track:7gSgudVRXpsMrPLaSDwemo"
    },
    {
      "artist": "Kali Uchis",
      "album": "Isolation",
      "track": "Tomorrow",
      "uri": "spotify:track:3P4gLPPOHIRQ5j6PC1hNa5"
    },
    {
      "artist": "Anderson .Paak",
      "album": "Oxnard",
      "track": "Brother's Keeper (feat. Pusha T)",
      "uri": "spotify:track:7GvKDZP30uHX0p8y3Kn6BM"
    },
    {
      "artist": "Doja Cat",
      "album": "Planet Her",
      "track": "Get Into It (Yuh)",
      "uri": "spotify:track:0W6I02J9xcqK8MtSeosEXb"
    },
    {
      "artist": "Denzel Curry",
      "album": "Melt My Eyez See Your Future",
      "track": "Angelz [Feat. Karriem Riggins]",
      "uri": "spotify:track:4ssI3CWZrlBJYBjK8jGO5f"
    },
    {
      "artist": "Dijon",
      "album": "Absolutely",
      "track": "Many Times",
      "uri": "spotify:track:63EUqnpcphhZh8SbXagArw"
    },
    {
      "artist": "Denzel Curry",
      "album": "Melt My Eyez See Your Future",
      "track": "X-Wing",
      "uri": "spotify:track:41X9qar6SruZOPLIV7sgUw"
    },
    {
      "artist": "Beyoncé",
      "album": "RENAISSANCE",
      "track": "CHURCH GIRL",
      "uri": "spotify:track:2mqTtvbKxH7SoEQ2oGAnsA"
    },
    {
      "artist": "Dua Lipa",
      "album": "Future Nostalgia",
      "track": "Physical",
      "uri": "spotify:track:7toYVidBIpAmM8Ife3LGrP"
    },
    {
      "artist": "Kendrick Lamar",
      "album": "Mr. Morale & The Big Steppers",
      "track": "Rich Spirit",
      "uri": "spotify:track:1QPreu0BNOrUfEb8HTd2qG"
    },
    {
      "artist": "JID",
      "album": "The Forever Story",
      "track": "Just In Time (feat. Lil Wayne & Kenny Mason)",
      "uri": "spotify:track:7fsMkFC6OwhFqqYYPipgrO"
    },
    {
      "artist": "Daniel Caesar",
      "album": "Freudian",
      "track": "Get You (feat. Kali Uchis)",
      "uri": "spotify:track:7zFXmv6vqI4qOt4yGf3jYZ"
    },
    {
      "artist": "Zach Bryan",
      "album": "Zach Bryan",
      "track": "Jake's Piano - Long Island",
      "uri": "spotify:track:2pUYbyOIOSfDfsnCR3KceZ"
    },
    {
      "artist": "Baby Keem",
      "album": "The Melodic Blue",
      "track": "issues",
      "uri": "spotify:track:2emAwdap7qy3QEMEeDjQ42"
    },
    {
      "artist": "Don Toliver",
      "album": "Heaven Or Hell",
      "track": "Had Enough (feat. Quavo & Offset)",
      "uri": "spotify:track:6SPgp2qK3fb4wPX1SldrNf"
    },
    {
      "artist": "Sampha",
      "album": "Lahai",
      "track": "Evidence",
      "uri": "spotify:track:0VsvFvzpUxL2tjRz1bmE4J"
    },
    {
      "artist": "Anderson .Paak",
      "album": "Oxnard",
      "track": "Tints (feat. Kendrick Lamar)",
      "uri": "spotify:track:7c3SbTuufigBWURcICnAWy"
    },
    {
      "artist": "Little Simz",
      "album": "Sometimes I Might Be Introvert",
      "track": "Miss Understood",
      "uri": "spotify:track:5BC9yzXBitRZBXIHtnUfkx"
    },
    {
      "artist": "Denzel Curry",
      "album": "Melt My Eyez See Your Future",
      "track": "Walkin",
      "uri": "spotify:track:1q8DwZtQen5fvyB7cKbShC"
    },
    {
      "artist": "NxWorries",
      "album": "Where I Go (feat. H.E.R.)",
      "track": "Where I Go (feat. H.E.R.)",
      "uri": "spotify:track:3MlQPB0wJuopo3NTZGlMpI"
    },
    {
      "artist": "Anderson .Paak",
      "album": "Malibu",
      "track": "Come Down",
      "uri": "spotify:track:276zciJ7Fg7Jk6Ta6QuLkp"
    },
    {
      "artist": "Ms. Lauryn Hill",
      "album": "The Miseducation of Lauryn Hill",
      "track": "Can't Take My Eyes Off of You - (I Love You Baby)",
      "uri": "spotify:track:2GFExyKXf9383tSRSrEHEt"
    },
    {
      "artist": "Doja Cat",
      "album": "Kiss Me More (feat. SZA)",
      "track": "Kiss Me More (feat. SZA)",
      "uri": "spotify:track:748mdHapucXQri7IAO8yFK"
    },
    {
      "artist": "Ms. Lauryn Hill",
      "album": "The Miseducation of Lauryn Hill",
      "track": "Nothing Even Matters (feat. D'Angelo)",
      "uri": "spotify:track:1Q0lOGB52skgfzdcq233vs"
    },
    {
      "artist": "Ari Lennox",
      "album": "age/sex/location",
      "track": "Outside",
      "uri": "spotify:track:0UTqq3YMMQFEaQwr4OUuUR"
    },
    {
      "artist": "Little Simz",
      "album": "NO THANK YOU",
      "track": "X",
      "uri": "spotify:track:0R4Po8nAlhZMmlA4TKH8Fy"
    },
    {
      "artist": "Lianne La Havas",
      "album": "Blood",
      "track": "What You Don't Do",
      "uri": "spotify:track:0gorODYIUfyg83lBPnPbZs"
    },
    {
      "artist": "Mac Miller",
      "album": "Swimming",
      "track": "Ladders",
      "uri": "spotify:track:39NDBdU5Xkm5pCFGa5kZtI"
    },
    {
      "artist": "JID",
      "album": "The Forever Story",
      "track": "Raydar",
      "uri": "spotify:track:3utisM1p90YUtH7yjXyrrY"
    },
    {
      "artist": "Beyoncé",
      "album": "RENAISSANCE",
      "track": "BREAK MY SOUL",
      "uri": "spotify:track:5pyoxDZ1PX0KxBxiRVxA4U"
    },
    {
      "artist": "Sampha",
      "album": "Lahai",
      "track": "Dancing Circles",
      "uri": "spotify:track:6lNyT8TfnpMTRrmJRQKQC9"
    },
    {
      "artist": "Beyoncé",
      "album": "RENAISSANCE",
      "track": "VIRGO'S GROOVE",
      "uri": "spotify:track:0Fl4eWzVaMUOdXcOrj6F1q"
    },
    {
      "artist": "Kendrick Lamar",
      "album": "To Pimp A Butterfly",
      "track": "u",
      "uri": "spotify:track:1bxEpNR75Hq3T2oF9AZjt8"
    },
    {
      "artist": "NxWorries",
      "album": "Daydreaming",
      "track": "Daydreaming",
      "uri": "spotify:track:6qqq5zPYV7U4UsKnGC82tw"
    },
    {
      "artist": "Doja Cat",
      "album": "Hot Pink",
      "track": "Say So",
      "uri": "spotify:track:3Dv1eDb0MEgF93GpLXlucZ"
    },
    {
      "artist": "Anderson .Paak",
      "album": "Ventura",
      "track": "Winners Circle",
      "uri": "spotify:track:3AN70xkC9i9fFBpKlukRhY"
    },
    {
      "artist": "Lil Yachty",
      "album": "Let’s Start Here.",
      "track": "sHouLd i B?",
      "uri": "spotify:track:5lrorOJfDv5rGUKqLDKqo8"
    },
    {
      "artist": "Danger Mouse",
      "album": "Cheat Codes",
      "track": "Sometimes",
      "uri": "spotify:track:5Bm3H6NCbcFIAi1OwZWn1S"
    },
    {
      "artist": "Billie Eilish",
      "album": "WHEN WE ALL FALL ASLEEP, WHERE DO WE GO?",
      "track": "bad guy",
      "uri": "spotify:track:2Fxmhks0bxGSBdJ92vM42m"
    },
    {
      "artist": "Little Simz",
      "album": "Sometimes I Might Be Introvert",
      "track": "Point and Kill",
      "uri": "spotify:track:52y4KhkcAbYcogFg2u7UVP"
    },
    {
      "artist": "Ms. Lauryn Hill",
      "album": "The Miseducation of Lauryn Hill",
      "track": "Superstar",
      "uri": "spotify:track:4zSmsHur194jO2hGCTt6Hn"
    },
    {
      "artist": "Anderson .Paak",
      "album": "Oxnard",
      "track": "Mansa Musa (feat. Dr. Dre & Cocoa Sarai)",
      "uri": "spotify:track:6i0z6l4tMurGmW82VhzoLi"
    },
    {
      "artist": "Mac Miller",
      "album": "Swimming",
      "track": "Small Worlds",
      "uri": "spotify:track:4gT3mNJA8lnlkYFqGZ8IA2"
    },
    {
      "artist": "Lana Del Rey",
      "album": "Did you know that there's a tunnel under Ocean Blvd",
      "track": "Sweet",
      "uri": "spotify:track:6x8g6DxglrzCSwKhv2Q1ee"
    },
    {
      "artist": "Sudan Archives",
      "album": "Natural Brown Prom Queen",
      "track": "Selfish Soul",
      "uri": "spotify:track:3XqP0HAPdDN3Lkdoufds20"
    },
    {
      "artist": "Yola",
      "album": "Stand For Myself",
      "track": "If I Had To Do It All Again",
      "uri": "spotify:track:3037O2Oi0HUAjiSuyOCksg"
    },
    {
      "artist": "SZA",
      "album": "SOS",
      "track": "Love Language",
      "uri": "spotify:track:1eIXYZWEfJO3Na2LCCnIJE"
    },
    {
      "artist": "Bruno Mars",
      "album": "An Evening With Silk Sonic",
      "track": "Skate",
      "uri": "spotify:track:3WTWh2WDk4j8GUCGj4xfOd"
    },
    {
      "artist": "NxWorries",
      "album": "Yes Lawd!",
      "track": "Link Up",
      "uri": "spotify:track:4xSQLj346ynlX8vopebWTQ"
    },
    {
      "artist": "Lianne La Havas",
      "album": "Blood",
      "track": "Grow",
      "uri": "spotify:track:6tgdUQbvTVasO8CWWIt3hO"
    },
    {
      "artist": "NxWorries",
      "album": "Yes Lawd!",
      "track": "Another Time",
      "uri": "spotify:track:4UoOaaxDdx9ndmdg3mbc83"
    },
    {
      "artist": "Kendrick Lamar",
      "album": "Mr. Morale & The Big Steppers",
      "track": "N95",
      "uri": "spotify:track:0fX4oNGBWO3dSGUZcVdVV2"
    },
    {
      "artist": "Nas",
      "album": "King's Disease III",
      "track": "Ghetto Reporter",
      "uri": "spotify:track:0qHXyED9mnRk3DnXowUe6Y"
    },
    {
      "artist": "El Michels Affair",
      "album": "Glorious Game",
      "track": "That Girl",
      "uri": "spotify:track:30vqNqCDjqQQpPk9xAWNqn"
    },
    {
      "artist": "Lupe Fiasco",
      "album": "DRILL MUSIC IN ZION",
      "track": "MS. MURAL",
      "uri": "spotify:track:7mTBIRS3sgMHakyp1UFxZz"
    },
    {
      "artist": "Kali Uchis",
      "album": "Red Moon In Venus",
      "track": "Endlessly",
      "uri": "spotify:track:0wzCQjc8JRa39ej1TFkAFt"
    },
    {
      "artist": "Don Toliver",
      "album": "Heaven Or Hell",
      "track": "Can't Feel My Legs",
      "uri": "spotify:track:47IXLhp3c6mu7NqvpuhuLi"
    },
    {
      "artist": "Bruno Mars",
      "album": "An Evening With Silk Sonic",
      "track": "Put On A Smile",
      "uri": "spotify:track:5lka5RUbLVQGO94mKAPMRO"
    },
    {
      "artist": "Billie Eilish",
      "album": "WHEN WE ALL FALL ASLEEP, WHERE DO WE GO?",
      "track": "ilomilo",
      "uri": "spotify:track:7qEKqBCD2vE5vIBsrUitpD"
    },
    {
      "artist": "Chloe x Halle",
      "album": "Ungodly Hour",
      "track": "Busy Boy",
      "uri": "spotify:track:31iu7QBaScWz35mRDeFmI1"
    },
    {
      "artist": "Kendrick Lamar",
      "album": "Mr. Morale & The Big Steppers",
      "track": "Mr. Morale",
      "uri": "spotify:track:6CmpZfKUQ2KerzBFZ3QKFr"
    },
    {
      "artist": "Pusha T",
      "album": "It's Almost Dry",
      "track": "Diet Coke",
      "uri": "spotify:track:2qDTVDLjK4PctCvC8Mg19x"
    },
    {
      "artist": "Anderson .Paak",
      "album": "Malibu",
      "track": "Put Me Thru",
      "uri": "spotify:track:70SjyVMzhmMeJQD8hOmIBp"
    },
    {
      "artist": "Sudan Archives",
      "album": "Athena",
      "track": "Confessions",
      "uri": "spotify:track:5myhxurOhMaIi8jAbT5Wgy"
    },
    {
      "artist": "Anderson .Paak",
      "album": "Oxnard",
      "track": "Anywhere (feat. Snoop Dogg & The Last Artful, Dodgr)",
      "uri": "spotify:track:4n02GblHZte3q5AzcLHlIK"
    },
    {
      "artist": "Kendrick Lamar",
      "album": "Mr. Morale & The Big Steppers",
      "track": "Silent Hill",
      "uri": "spotify:track:3lzUeaCbcCDB5IXYfqWRlF"
    },
    {
      "artist": "Leon Bridges",
      "album": "Gold-Diggers Sound",
      "track": "Born Again (feat. Robert Glasper)",
      "uri": "spotify:track:15EnrATZ5wMy8fqA5QF6KV"
    },
    {
      "artist": "Denzel Curry",
      "album": "Melt My Eyez See Your Future",
      "track": "Mental - Cold Blooded Soul Version",
      "uri": "spotify:track:0LdCOtpdCqgcEYuzNy1VS6"
    },
    {
      "artist": "Anderson .Paak",
      "album": "Malibu",
      "track": "Room in Here (feat. The Game & Sonyae Elise)",
      "uri": "spotify:track:6Lr9sGM6kARYVDL2dj0lqV"
    },
    {
      "artist": "Daniel Caesar",
      "album": "Freudian",
      "track": "Take Me Away (feat. Syd)",
      "uri": "spotify:track:3E895HtTn6lB40SA0l9EkL"
    },
    {
      "artist": "Mac Miller",
      "album": "Swimming",
      "track": "What's the Use?",
      "uri": "spotify:track:2dgrYdgguVZKeCsrVb9XEs"
    },
    {
      "artist": "Chris Stapleton",
      "album": "Starting Over",
      "track": "Worry B Gone",
      "uri": "spotify:track:0gE6AxQsDnsbSEY0aFTm5C"
    },
    {
      "artist": "Little Simz",
      "album": "GREY Area",
      "track": "Selfish",
      "uri": "spotify:track:1b6fmULpHj08RMmHfARJ4e"
    },
    {
      "artist": "Daniel Caesar",
      "album": "NEVER ENOUGH",
      "track": "Ocho Rios",
      "uri": "spotify:track:5XUuMp2i5ojqcDOSusChqL"
    },
    {
      "artist": "Kali Uchis",
      "album": "Red Moon In Venus",
      "track": "All Mine",
      "uri": "spotify:track:6TRjT37UyRUVrGg3gTlIqb"
    },
    {
      "artist": "Danger Mouse",
      "album": "Cheat Codes",
      "track": "Belize (feat. MF DOOM)",
      "uri": "spotify:track:5Mi3Qt2bXMqXRG2vnmp4a0"
    },
    {
      "artist": "Daniel Caesar",
      "album": "Freudian",
      "track": "Loose",
      "uri": "spotify:track:59acp1OhcvxwVBwQJBYKuX"
    },
    {
      "artist": "Zach Bryan",
      "album": "Zach Bryan",
      "track": "El Dorado",
      "uri": "spotify:track:7C1BLYzAvR0KdBpov3GpUZ"
    },
    {
      "artist": "Nas",
      "album": "King's Disease III",
      "track": "I'm on Fire",
      "uri": "spotify:track:4w1bfkfaTMFl3P7JWx2ht3"
    },
    {
      "artist": "Giveon",
      "album": "TAKE TIME",
      "track": "Like I Want You",
      "uri": "spotify:track:6qBFSepqLCuh5tehehc1bd"
    },
    {
      "artist": "Chloe x Halle",
      "album": "Ungodly Hour",
      "track": "Forgive Me",
      "uri": "spotify:track:0qU3XhIH9xczYPUWV6OopS"
    },
    {
      "artist": "Doja Cat",
      "album": "Planet Her",
      "track": "Need to Know",
      "uri": "spotify:track:3Vi5XqYrmQgOYBajMWSvCi"
    },
    {
      "artist": "Ms. Lauryn Hill",
      "album": "The Miseducation of Lauryn Hill",
      "track": "Doo Wop (That Thing)",
      "uri": "spotify:track:0uEp9E98JB5awlA084uaIg"
    },
    {
      "artist": "Denzel Curry",
      "album": "Melt My Eyez See Your Future",
      "track": "Worst Comes To Worst",
      "uri": "spotify:track:44AnNS0mBwYbnVpmLAj049"
    },
    {
      "artist": "Jazmine Sullivan",
      "album": "Heaux Tales",
      "track": "Lost One",
      "uri": "spotify:track:75pQBGZxBe4bDm8spb2OG6"
    },
    {
      "artist": "Denzel Curry",
      "album": "Melt My Eyez See Your Future",
      "track": "X-Wing - Cold Blooded Soul Version",
      "uri": "spotify:track:2GzUm7Ps1WbaiMiSY7CY0S"
    },
    {
      "artist": "SZA",
      "album": "SOS",
      "track": "SOS",
      "uri": "spotify:track:5xMw6qCcpd2gBXPGTegC4W"
    },
    {
      "artist": "Sudan Archives",
      "album": "Natural Brown Prom Queen",
      "track": "Loyal (EDD)",
      "uri": "spotify:track:2FRK1eHAnb4C2OcZicjGUH"
    },
    {
      "artist": "El Michels Affair",
      "album": "Glorious Game",
      "track": "The Weather",
      "uri": "spotify:track:6sMmQzaDFSuDxPZmFvorur"
    },
    {
      "artist": "Ms. Lauryn Hill",
      "album": "The Miseducation of Lauryn Hill",
      "track": "Everything Is Everything",
      "uri": "spotify:track:7t86fVeDAd63ThaR0ZkxXS"
    },
    {
      "artist": "Billie Eilish",
      "album": "Happier Than Ever",
      "track": "Getting Older",
      "uri": "spotify:track:4HOryCnbme0zBnF8LWij3f"
    },
    {
      "artist": "SZA",
      "album": "SOS",
      "track": "Far",
      "uri": "spotify:track:74NI58MQexwZjNu1Gu6GjT"
    },
    {
      "artist": "Lupe Fiasco",
      "album": "DRILL MUSIC IN ZION",
      "track": "KIOSK",
      "uri": "spotify:track:1VSnAypC094ySYAVR8DdzJ"
    },
    {
      "artist": "Giveon",
      "album": "Give Or Take",
      "track": "Remind Me",
      "uri": "spotify:track:1Ky8xo7X6SeebLT1Co4RXX"
    },
    {
      "artist": "Jazmine Sullivan",
      "album": "Tragic",
      "track": "Tragic",
      "uri": "spotify:track:6BkYYJzfpG3u4Rs4VLXAie"
    },
    {
      "artist": "Daniel Caesar",
      "album": "NEVER ENOUGH",
      "track": "Toronto 2014 (with Mustafa)",
      "uri": "spotify:track:4t9R5rbtovdvya28uMODDz"
    },
    {
      "artist": "Little Simz",
      "album": "GREY Area",
      "track": "Pressure",
      "uri": "spotify:track:6d0cIiukgZJ8fZBJFqDMBT"
    },
    {
      "artist": "Caroline Polachek",
      "album": "Desire, I Want To Turn Into You",
      "track": "Butterfly Net",
      "uri": "spotify:track:3JYayrgDyMYVrpMdcn5HxF"
    },
    {
      "artist": "Pusha T",
      "album": "It's Almost Dry",
      "track": "Open Air",
      "uri": "spotify:track:5JURxzoZ0r9FP6N01XRAAi"
    },
    {
      "artist": "Caroline Polachek",
      "album": "Desire, I Want To Turn Into You",
      "track": "Sunset",
      "uri": "spotify:track:203bhpOhWluOytYjvwQfl7"
    },
    {
      "artist": "EARTHGANG",
      "album": "GHETTO GODS",
      "track": "GHETTO GODS",
      "uri": "spotify:track:0EocJQHVyGDM5vrf0CNhS7"
    },
    {
      "artist": "Kendrick Lamar",
      "album": "Mr. Morale & The Big Steppers",
      "track": "Savior",
      "uri": "spotify:track:3drdWsJKiVCSQ2gKhd9BDT"
    },
    {
      "artist": "Zach Bryan",
      "album": "Zach Bryan",
      "track": "Hey Driver (feat. The War and Treaty)",
      "uri": "spotify:track:4pCbJC43j3gSqG6Fen6upD"
    },
    {
      "artist": "Dijon",
      "album": "Skin",
      "track": "Skin",
      "uri": "spotify:track:467t3218y3yihFcyDGWjr0"
    },
    {
      "artist": "Kali Uchis",
      "album": "Red Moon In Venus",
      "track": "Blue",
      "uri": "spotify:track:0PfurdlOZRYJ6pkrvHOkUh"
    },
    {
      "artist": "Zach Bryan",
      "album": "Zach Bryan",
      "track": "East Side of Sorrow",
      "uri": "spotify:track:00syWkRGIVQvYsg2OwfBUw"
    },
    {
      "artist": "Kendrick Lamar",
      "album": "To Pimp A Butterfly",
      "track": "How Much A Dollar Cost",
      "uri": "spotify:track:4tQcyj5488alHT1ZgFduzn"
    },
    {
      "artist": "Smino",
      "album": "Luv 4 Rent",
      "track": "Lee & Lovie (with reggie)",
      "uri": "spotify:track:403tC8spWXnKcdXdbFnayL"
    },
    {
      "artist": "Beyoncé",
      "album": "RENAISSANCE",
      "track": "COZY",
      "uri": "spotify:track:0mKGwFMHzTprtS2vpR3b6s"
    },
    {
      "artist": "Smino",
      "album": "Luv 4 Rent",
      "track": "Ole Ass Kendrick",
      "uri": "spotify:track:2qApuf4yp1c6sTMj9BJ8bo"
    },
    {
      "artist": "Smino",
      "album": "Luv 4 Rent",
      "track": "Blu Billy",
      "uri": "spotify:track:5nawCvOyPcckdnVNVGxGM9"
    },
    {
      "artist": "SZA",
      "album": "SOS",
      "track": "Gone Girl",
      "uri": "spotify:track:2Sjx8DWZO5zaTyTAmgo2gY"
    },
    {
      "artist": "SZA",
      "album": "Ctrl",
      "track": "The Weekend",
      "uri": "spotify:track:6gU9OKjOE7ghfEd55oRO57"
    },
    {
      "artist": "Brent Faiyaz",
      "album": "WASTELAND",
      "track": "BAD LUCK",
      "uri": "spotify:track:5YbHnEYZFkOxLsp5syLMLy"
    },
    {
      "artist": "Amber Mark",
      "album": "What It Is",
      "track": "What It Is",
      "uri": "spotify:track:2CJfHjywgcczXQi6Dosw8Q"
    },
    {
      "artist": "Little Simz",
      "album": "NO THANK YOU",
      "track": "Gorilla",
      "uri": "spotify:track:0pJO1tc1GpnxFyQp6Zp82r"
    },
    {
      "artist": "Saba",
      "album": "Few Good Things",
      "track": "2012 (feat. Day Wave)",
      "uri": "spotify:track:4UFGBYbb7ixis7fTdzQx0h"
    },
    {
      "artist": "Ms. Lauryn Hill",
      "album": "The Miseducation of Lauryn Hill",
      "track": "When It Hurts so Bad",
      "uri": "spotify:track:3CNSWn2mISh7Ll3yJQbVEw"
    },
    {
      "artist": "JID",
      "album": "The Forever Story",
      "track": "Lauder Too (feat. Ravyn Lenae & Eryn Allen Kane)",
      "uri": "spotify:track:14l9gwYmyxQu5m8tD5bv0W"
    },
    {
      "artist": "Sudan Archives",
      "album": "Natural Brown Prom Queen",
      "track": "Yellow Brick Road",
      "uri": "spotify:track:7MYJYInfkV4Jp1CnY2bihc"
    },
    {
      "artist": "Denzel Curry",
      "album": "Melt My Eyez See Your Future",
      "track": "The Last",
      "uri": "spotify:track:3lKAIzNiCFL9cqPl3Glb5B"
    },
    {
      "artist": "Kendrick Lamar",
      "album": "To Pimp A Butterfly",
      "track": "The Blacker The Berry",
      "uri": "spotify:track:5Mtt6tZSZA9cXTHGSGpyh0"
    },
    {
      "artist": "Jazmine Sullivan",
      "album": "Heaux Tales",
      "track": "Price Tags (feat. Anderson .Paak)",
      "uri": "spotify:track:3ci2NK0t5iNzLw2u3F4MbM"
    },
    {
      "artist": "Anderson .Paak",
      "album": "Ventura",
      "track": "Make It Better (feat. Smokey Robinson)",
      "uri": "spotify:track:0ReEEk6xty0IlNrZg2m6ZZ"
    },
    {
      "artist": "Nas",
      "album": "King's Disease III",
      "track": "First Time",
      "uri": "spotify:track:0SDeT0QjNake7gJLDAOLcG"
    },
    {
      "artist": "NxWorries",
      "album": "Yes Lawd!",
      "track": "Scared Money",
      "uri": "spotify:track:5lYXMlzWEc8uDbMd1v0V35"
    },
    {
      "artist": "Little Simz",
      "album": "Sometimes I Might Be Introvert",
      "track": "Introvert",
      "uri": "spotify:track:1Tva251P6CYwQWpJOedwQ8"
    },
    {
      "artist": "Lianne La Havas",
      "album": "Lianne La Havas",
      "track": "Can't Fight",
      "uri": "spotify:track:2gnvh9HRH5fCo5iDQXMvQN"
    },
    {
      "artist": "Lana Del Rey",
      "album": "Did you know that there's a tunnel under Ocean Blvd",
      "track": "Paris, Texas (feat. SYML)",
      "uri": "spotify:track:0Oqxt6JixieLHbwMfnJGWO"
    },
    {
      "artist": "Genesis Owusu",
      "album": "Smiling with No Teeth",
      "track": "No Looking Back",
      "uri": "spotify:track:6XKeA4Oke8L1sHAnnHSnQG"
    },
    {
      "artist": "Terrace Martin",
      "album": "Dinner Party: Dessert",
      "track": "Sleepless Nights (feat. Buddy, Reuben Vincent & Phoelix)",
      "uri": "spotify:track:4ImbwgGOqvNnKJADZSI8lP"
    },
    {
      "artist": "Zach Bryan",
      "album": "Zach Bryan",
      "track": "Holy Roller (feat. Sierra Ferrell)",
      "uri": "spotify:track:3itgPtXSu4I9mr2QD6yrzP"
    },
    {
      "artist": "Kendrick Lamar",
      "album": "To Pimp A Butterfly",
      "track": "Mortal Man",
      "uri": "spotify:track:1WT11QmhZutciEv1NsHt1R"
    },
    {
      "artist": "Chris Stapleton",
      "album": "Starting Over",
      "track": "Hillbilly Blood",
      "uri": "spotify:track:6lv5ranTZyn1QcYGJgNMTx"
    },
    {
      "artist": "El Michels Affair",
      "album": "Glorious Game",
      "track": "Alone",
      "uri": "spotify:track:4Z6BaZRH9YRKeq0os0ffCa"
    },
    {
      "artist": "Lupe Fiasco",
      "album": "DRILL MUSIC IN ZION",
      "track": "NAOMI",
      "uri": "spotify:track:2q4Vq5gPgWIHeAXEWKZELu"
    },
    {
      "artist": "SZA",
      "album": "SOS",
      "track": "Snooze",
      "uri": "spotify:track:4iZ4pt7kvcaH6Yo8UoZ4s2"
    },
    {
      "artist": "JID",
      "album": "The Forever Story",
      "track": "Money",
      "uri": "spotify:track:5050y1NZdlMdTKMLNWv4nl"
    },
    {
      "artist": "Lil Yachty",
      "album": "Let’s Start Here.",
      "track": "drive ME crazy!",
      "uri": "spotify:track:6luBKkFUt5wTwz7hpLhp12"
    },
    {
      "artist": "Zach Bryan",
      "album": "Zach Bryan",
      "track": "I Remember Everything (feat. Kacey Musgraves)",
      "uri": "spotify:track:4KULAymBBJcPRpk1yO4dOG"
    },
    {
      "artist": "Mac Miller",
      "album": "Swimming",
      "track": "So It Goes",
      "uri": "spotify:track:0EA2RhRHL4KWeNa7JfD1Yw"
    },
    {
      "artist": "Chris Stapleton",
      "album": "Starting Over",
      "track": "Watch You Burn",
      "uri": "spotify:track:7J0GgWPMf5OTSJK6uXxFe0"
    },
    {
      "artist": "Lana Del Rey",
      "album": "Did you know that there's a tunnel under Ocean Blvd",
      "track": "Margaret (feat. Bleachers)",
      "uri": "spotify:track:1o82DwNisONAd2mu1RcGE6"
    },
    {
      "artist": "Sampha",
      "album": "Process",
      "track": "(No One Knows Me) Like the Piano",
      "uri": "spotify:track:3D1VUmjj0IlhdHqGConc7C"
    },
    {
      "artist": "Zach Bryan",
      "album": "American Heartbreak",
      "track": "Something in the Orange - Z&E's Version",
      "uri": "spotify:track:7lNmcW2wW6ciV9Rhh8YOMe"
    },
    {
      "artist": "Michael Kiwanuka",
      "album": "Love & Hate",
      "track": "Black Man In A White World",
      "uri": "spotify:track:3ddle9t9JiBFVqHyrnaGxz"
    },
    {
      "artist": "FKA twigs",
      "album": "CAPRISONGS",
      "track": "thank you song",
      "uri": "spotify:track:6gkqX8E8lPuDIGqH5Fjm5J"
    },
    {
      "artist": "NxWorries",
      "album": "Yes Lawd!",
      "track": "Suede",
      "uri": "spotify:track:0iizrCBnUUJuAwCPJaWWY0"
    },
    {
      "artist": "Dua Lipa",
      "album": "Future Nostalgia",
      "track": "Hallucinate",
      "uri": "spotify:track:2MUKw7zEirXqdZZ3xC4hOf"
    },
    {
      "artist": "Anderson .Paak",
      "album": "Malibu",
      "track": "The Season | Carry Me",
      "uri": "spotify:track:5G0nSEIT0fGUZY0caM9AnH"
    },
    {
      "artist": "Doja Cat",
      "album": "Scarlet",
      "track": "Paint The Town Red",
      "uri": "spotify:track:7DlZH8EiVDgQXNoj3dnyZC"
    },
    {
      "artist": "Denzel Curry",
      "album": "Melt My Eyez See Your Future",
      "track": "Walkin - Cold Blooded Soul Version",
      "uri": "spotify:track:6CQUWOqXOo4S8Jghab18Ga"
    },
    {
      "artist": "Ms. Lauryn Hill",
      "album": "The Miseducation of Lauryn Hill",
      "track": "I Used to Love Him (feat. Mary J. Blige)",
      "uri": "spotify:track:3IRdgbdqDcmJBIa6TY2mKX"
    },
    {
      "artist": "Little Simz",
      "album": "GREY Area",
      "track": "Therapy",
      "uri": "spotify:track:6Zz6sCwWGbadWXFxSFRpVe"
    },
    {
      "artist": "Pusha T",
      "album": "DAYTONA",
      "track": "Infrared",
      "uri": "spotify:track:6cpsixIHI63L0hwh3CwZg3"
    },
    {
      "artist": "Sampha",
      "album": "Lahai",
      "track": "Inclination Compass (Tenderness)",
      "uri": "spotify:track:74QKZtja1eXqpVg0fS3A2u"
    },
    {
      "artist": "FKA twigs",
      "album": "CAPRISONGS",
      "track": "ride the dragon",
      "uri": "spotify:track:15TXFTdwGEEL4jH9erTRnK"
    },
    {
      "artist": "Bruno Mars",
      "album": "An Evening With Silk Sonic",
      "track": "Fly As Me",
      "uri": "spotify:track:7suB6D6uKX5DfPukdGaz0W"
    },
    {
      "artist": "Sampha",
      "album": "Lahai",
      "track": "Only",
      "uri": "spotify:track:5exI5swI6LNxrwdEDbL16y"
    },
    {
      "artist": "Caroline Polachek",
      "album": "Desire, I Want To Turn Into You",
      "track": "Blood And Butter",
      "uri": "spotify:track:5KE5Inz4uZKGb2EzETaOEe"
    },
    {
      "artist": "Lianne La Havas",
      "album": "Lianne La Havas",
      "track": "Bittersweet",
      "uri": "spotify:track:4uawMXx8VZ7WMrjAVOaCMe"
    },
    {
      "artist": "Kali Uchis",
      "album": "Isolation",
      "track": "Miami (feat. BIA)",
      "uri": "spotify:track:5oJAaPRS2EzNIc8EWIbucE"
    },
    {
      "artist": "JID",
      "album": "The Forever Story",
      "track": "Sistanem",
      "uri": "spotify:track:3uFweCfk2Tk4fZzmTMzbRe"
    },
    {
      "artist": "SZA",
      "album": "SOS",
      "track": "Open Arms (feat. Travis Scott)",
      "uri": "spotify:track:0xaFw2zDYf1rIJWl2dXiSF"
    },
    {
      "artist": "Dua Lipa",
      "album": "Future Nostalgia",
      "track": "Don't Start Now",
      "uri": "spotify:track:1AVtceapuF36oZqI9gzp0o"
    },
    {
      "artist": "JID",
      "album": "The Forever Story",
      "track": "Can’t Make U Change (feat. Ari Lennox)",
      "uri": "spotify:track:14m8FDBybkX7ROmg1AXOpu"
    },
    {
      "artist": "Ms. Lauryn Hill",
      "album": "The Miseducation of Lauryn Hill",
      "track": "To Zion (feat. Carlos Santana)",
      "uri": "spotify:track:7x6hO9VMAee9x1iWaeNkL6"
    },
    {
      "artist": "Lianne La Havas",
      "album": "Lianne La Havas",
      "track": "Seven Times",
      "uri": "spotify:track:5f1WIrwto7nNtEVovPq6cR"
    },
    {
      "artist": "Daniel Caesar",
      "album": "Freudian",
      "track": "Best Part (feat. H.E.R.)",
      "uri": "spotify:track:1RMJOxR6GRPsBHL8qeC2ux"
    },
    {
      "artist": "Lianne La Havas",
      "album": "Lianne La Havas",
      "track": "Read My Mind",
      "uri": "spotify:track:18yYhT8fTVjFK9IBPiows6"
    },
    {
      "artist": "Sampha",
      "album": "Lahai",
      "track": "Jonathan L. Seagull",
      "uri": "spotify:track:0jBmIDMdIOOct8T62qBeRh"
    },
    {
      "artist": "Ari Lennox",
      "album": "age/sex/location",
      "track": "Queen Space (with Summer Walker)",
      "uri": "spotify:track:2dOUErBzFZJ8l7MbV6FcYW"
    },
    {
      "artist": "JID",
      "album": "The Forever Story",
      "track": "Surround Sound (feat. 21 Savage & Baby Tate)",
      "uri": "spotify:track:1udwFobQ1JoOdWPQrp2b6u"
    },
    {
      "artist": "Beyoncé",
      "album": "RENAISSANCE",
      "track": "AMERICA HAS A PROBLEM",
      "uri": "spotify:track:2XMAWynSTIst5KmLSv0Npf"
    },
    {
      "artist": "Pusha T",
      "album": "It's Almost Dry",
      "track": "Just So You Remember",
      "uri": "spotify:track:6XC3zX8dEiFTpd2hPpOA9y"
    },
    {
      "artist": "Beyoncé",
      "album": "RENAISSANCE",
      "track": "ALIEN SUPERSTAR",
      "uri": "spotify:track:1Hohk6AufHZOrrhMXZppax"
    },
    {
      "artist": "Summer Walker",
      "album": "Still Over It",
      "track": "Throw It Away",
      "uri": "spotify:track:21DN44aYlSoyfOQcboC0IP"
    },
    {
      "artist": "SZA",
      "album": "SOS",
      "track": "Seek & Destroy",
      "uri": "spotify:track:6eT2V7nKXyMf47TwPbtgAD"
    },
    {
      "artist": "Doja Cat",
      "album": "Scarlet",
      "track": "97",
      "uri": "spotify:track:3zLwDjumhvIFFwAAZaDNPL"
    },
    {
      "artist": "Anderson .Paak",
      "album": "Oxnard",
      "track": "Who R U?",
      "uri": "spotify:track:4kHSIZyIEijaMuZpV8GS1p"
    },
    {
      "artist": "Denzel Curry",
      "album": "Melt My Eyez See Your Future",
      "track": "The Ills",
      "uri": "spotify:track:3xYvDtt9IxWn6xJNapCv9u"
    },
    {
      "artist": "Daniel Caesar",
      "album": "NEVER ENOUGH",
      "track": "Pain Is Inevitable",
      "uri": "spotify:track:2d0dCpzPN76EhB4yv3S6ng"
    },
    {
      "artist": "Bruno Mars",
      "album": "Love's Train",
      "track": "Love's Train",
      "uri": "spotify:track:60gTdTwaNtGAzIxKfeGVfJ"
    },
    {
      "artist": "Lianne La Havas",
      "album": "Lianne La Havas",
      "track": "Weird Fishes",
      "uri": "spotify:track:5ygk8Hkp4WCCk7GXWEUP9V"
    },
    {
      "artist": "Billie Eilish",
      "album": "Happier Than Ever",
      "track": "Everybody Dies",
      "uri": "spotify:track:5jhBwnqzNNrENXnYrAdoCe"
    },
    {
      "artist": "Anderson .Paak",
      "album": "Malibu",
      "track": "Celebrate",
      "uri": "spotify:track:1zlclNkERGFrCxznXOgkD3"
    },
    {
      "artist": "Wizkid",
      "album": "Made In Lagos",
      "track": "Essence (feat. Tems)",
      "uri": "spotify:track:5FG7Tl93LdH117jEKYl3Cm"
    },
    {
      "artist": "Dua Lipa",
      "album": "Future Nostalgia",
      "track": "Future Nostalgia",
      "uri": "spotify:track:3mC8VlVBwdVxCTq4cYZr64"
    },
    {
      "artist": "Lupe Fiasco",
      "album": "DRILL MUSIC IN ZION",
      "track": "DRILL MUSIC IN ZION",
      "uri": "spotify:track:3GrHP2CwUNecBc1SdVMTJ8"
    },
    {
      "artist": "Kali Uchis",
      "album": "TO FEEL ALIVE EP",
      "track": "i want war (BUT I NEED PEACE)",
      "uri": "spotify:track:5Dx8iEsMuNrf7aF9TMV0Xe"
    },
    {
      "artist": "Sampha",
      "album": "Spirit 2.0",
      "track": "Spirit 2.0",
      "uri": "spotify:track:3JKRuo3KhL39T6XWAXPohj"
    },
    {
      "artist": "Kali Uchis",
      "album": "Isolation",
      "track": "Feel Like A Fool",
      "uri": "spotify:track:5RcuACCOhgoc4ZH57AVCLA"
    },
    {
      "artist": "FKA twigs",
      "album": "CAPRISONGS",
      "track": "tears in the club (feat. the weeknd)",
      "uri": "spotify:track:1GsSM1Fju5J1Fsu51jEsTg"
    },
    {
      "artist": "Nas",
      "album": "King's Disease III",
      "track": "Michael & Quincy",
      "uri": "spotify:track:5MfCvL6jCTkxPCBQf3OkYH"
    },
    {
      "artist": "FKA twigs",
      "album": "CAPRISONGS",
      "track": "oh my love",
      "uri": "spotify:track:5dEJc0rHuTVxtl1xljDbRv"
    },
    {
      "artist": "FKA twigs",
      "album": "CAPRISONGS",
      "track": "darjeeling (feat jorja smith & unknown t)",
      "uri": "spotify:track:1utTJXz5WzG0tONsJYKywl"
    },
    {
      "artist": "Genesis Owusu",
      "album": "Smiling with No Teeth",
      "track": "Waitin' on Ya",
      "uri": "spotify:track:5t6IbDoIR1s3NQvjXzDdSu"
    },
    {
      "artist": "Kendrick Lamar",
      "album": "To Pimp A Butterfly",
      "track": "Hood Politics",
      "uri": "spotify:track:2UOYzhusMTypF7oAQwksCj"
    },
    {
      "artist": "Anderson .Paak",
      "album": "Oxnard",
      "track": "Smile/Petty (feat. Sonyae Elise)",
      "uri": "spotify:track:4mnetrP6ozVrc5lkM07WP3"
    },
    {
      "artist": "Pusha T",
      "album": "It's Almost Dry",
      "track": "Let The Smokers Shine The Coupes",
      "uri": "spotify:track:3XyNi4ARXWBgzeDFKoJPqy"
    },
    {
      "artist": "Ari Lennox",
      "album": "age/sex/location",
      "track": "Leak It (feat. Chlöe)",
      "uri": "spotify:track:42j49u8GO8zuWiDCbZq2W4"
    },
    {
      "artist": "Ari Lennox",
      "album": "Pressure",
      "track": "Pressure",
      "uri": "spotify:track:6ElfCM1XppU0YWkkFYh4s2"
    },
    {
      "artist": "Chloe x Halle",
      "album": "Ungodly Hour",
      "track": "Do It",
      "uri": "spotify:track:2mE9iW3E4iteXrrWneOYsT"
    },
    {
      "artist": "Dua Lipa",
      "album": "Future Nostalgia",
      "track": "Love Again",
      "uri": "spotify:track:1imMjt1YGNebtrtTAprKV7"
    },
    {
      "artist": "Sampha",
      "album": "Process",
      "track": "Incomplete Kisses",
      "uri": "spotify:track:2yKulKC2ipTxMR4YHZxlam"
    },
    {
      "artist": "SZA",
      "album": "SOS",
      "track": "Kill Bill",
      "uri": "spotify:track:3OHfY25tqY28d16oZczHc8"
    },
    {
      "artist": "Janelle Monáe",
      "album": "The Age of Pleasure",
      "track": "Know Better (feat. CKay, Seun Kuti & Egypt 80)",
      "uri": "spotify:track:0pSIOwm8Jz5iMj3nR2rllq"
    },
    {
      "artist": "Little Simz",
      "album": "NO THANK YOU",
      "track": "Broken",
      "uri": "spotify:track:2USBjlAKDOSzgUq7OiDFqO"
    },
    {
      "artist": "Michael Kiwanuka",
      "album": "KIWANUKA",
      "track": "Light",
      "uri": "spotify:track:7fXDbKX1W7HM1zWLw2Wac2"
    },
    {
      "artist": "FKA twigs",
      "album": "CAPRISONGS",
      "track": "meta angel",
      "uri": "spotify:track:6EeuY84I1Q3UJvpPN6iSzw"
    },
    {
      "artist": "Ms. Lauryn Hill",
      "album": "The Miseducation of Lauryn Hill",
      "track": "The Miseducation of Lauryn Hill",
      "uri": "spotify:track:12Y1GaS44vga0G3rUtjFAY"
    },
    {
      "artist": "Jazmine Sullivan",
      "album": "Heaux Tales",
      "track": "Put It Down",
      "uri": "spotify:track:5LOlmXECWrB4LJjHjQJPS5"
    },
    {
      "artist": "Amber Mark",
      "album": "Three Dimensions Deep",
      "track": "Worth It",
      "uri": "spotify:track:7AQRpyFBYQqtWfkmlqkw4l"
    },
    {
      "artist": "Michael Kiwanuka",
      "album": "KIWANUKA",
      "track": "Piano Joint (This Kind Of Love)",
      "uri": "spotify:track:1I44zWi6wdcWcnd2B68Hio"
    },
    {
      "artist": "SZA",
      "album": "SOS",
      "track": "Low",
      "uri": "spotify:track:2GAhgAjOhEmItWLfgisyOn"
    },
    {
      "artist": "Chris Stapleton",
      "album": "Starting Over",
      "track": "Devil Always Made Me Think Twice",
      "uri": "spotify:track:3olGkpomYOWwRZsbFTZqiX"
    },
    {
      "artist": "Anderson .Paak",
      "album": "Ventura",
      "track": "What Can We Do? (feat. Nate Dogg)",
      "uri": "spotify:track:0kOxmoYqRXjAnc5ZfQ6TIs"
    },
    {
      "artist": "Little Simz",
      "album": "GREY Area",
      "track": "Sherbet Sunset",
      "uri": "spotify:track:2KX8nA4N4YKt7FkB7u9KGo"
    },
    {
      "artist": "Lana Del Rey",
      "album": "Did you know that there's a tunnel under Ocean Blvd",
      "track": "Candy Necklace (feat. Jon Batiste)",
      "uri": "spotify:track:3MlEryrxCKZkcfX18ZLX96"
    },
    {
      "artist": "Michael Kiwanuka",
      "album": "KIWANUKA",
      "track": "Hero",
      "uri": "spotify:track:2Y61ZvCuuLOhdkgl1B9ekh"
    },
    {
      "artist": "Sampha",
      "album": "Lahai",
      "track": "Can’t Go Back",
      "uri": "spotify:track:3AMkB7lBciaMh66dCx1nqL"
    },
    {
      "artist": "Anderson .Paak",
      "album": "Ventura",
      "track": "Come Home (feat. André 3000)",
      "uri": "spotify:track:6RpunyUP44SDweJPDScLSF"
    },
    {
      "artist": "Summer Walker",
      "album": "Still Over It",
      "track": "Bitter - Narration By Cardi B",
      "uri": "spotify:track:5cwnxz6QPfbOf731UPqphs"
    },
    {
      "artist": "Anderson .Paak",
      "album": "Oxnard",
      "track": "6 Summers",
      "uri": "spotify:track:0lG7iyNSstVOLV6faMIHdD"
    },
    {
      "artist": "Doja Cat",
      "album": "Planet Her",
      "track": "Payday (feat. Young Thug)",
      "uri": "spotify:track:2HolBGR6tpiWI80MXoV1dJ"
    },
    {
      "artist": "Little Simz",
      "album": "Sometimes I Might Be Introvert",
      "track": "Standing Ovation",
      "uri": "spotify:track:4PaaLXOBVjrYgACH50IKYf"
    },
    {
      "artist": "Ms. Lauryn Hill",
      "album": "The Miseducation of Lauryn Hill",
      "track": "Final Hour",
      "uri": "spotify:track:7nY3NA1AvORewLU3BU7GNX"
    },
    {
      "artist": "Sampha",
      "album": "Lahai",
      "track": "Stereo Colour Cloud (Shaman's Dream)",
      "uri": "spotify:track:2VQspDUq9kCe8L9aorXuH4"
    },
    {
      "artist": "Genesis Owusu",
      "album": "Smiling with No Teeth",
      "track": "Gold Chains",
      "uri": "spotify:track:07yIuXSdR31mHU6aR40pcV"
    },
    {
      "artist": "SZA",
      "album": "SOS",
      "track": "Notice Me",
      "uri": "spotify:track:4fnNBPN9W6AoOYSQS3FJxT"
    },
    {
      "artist": "Saba",
      "album": "Few Good Things",
      "track": "Still (feat. 6LACK and Smino)",
      "uri": "spotify:track:0L2G8Khc96e6yLcLyLklzS"
    },
    {
      "artist": "Danger Mouse",
      "album": "Cheat Codes",
      "track": "Aquamarine (feat. Michael Kiwanuka)",
      "uri": "spotify:track:1WS1Q9G8vj0gPN2aOkZ80A"
    },
    {
      "artist": "Sampha",
      "album": "Process",
      "track": "Blood On Me",
      "uri": "spotify:track:3Wdwnr9TGwmyUfPNB9iekU"
    },
    {
      "artist": "JID",
      "album": "The Forever Story",
      "track": "Crack Sandwich",
      "uri": "spotify:track:65dO13qYabE4LDdQmjU4p6"
    },
    {
      "artist": "Danger Mouse",
      "album": "Cheat Codes",
      "track": "Strangers (feat. A$AP Rocky and Run The Jewels)",
      "uri": "spotify:track:5GqZXnBCndUh4ymgdx4tGB"
    },
    {
      "artist": "Smino",
      "album": "Luv 4 Rent",
      "track": "Matinee",
      "uri": "spotify:track:3EFRMoIReL2DU56ltcPRTV"
    },
    {
      "artist": "Chris Stapleton",
      "album": "Starting Over",
      "track": "You Should Probably Leave",
      "uri": "spotify:track:2UikqkwBv7aIvlixeVXHWt"
    },
    {
      "artist": "NxWorries",
      "album": "Yes Lawd!",
      "track": "Lyk Dis",
      "uri": "spotify:track:02sagHhK9h0nODtzjF33yP"
    },
    {
      "artist": "Caroline Polachek",
      "album": "Desire, I Want To Turn Into You",
      "track": "Billions",
      "uri": "spotify:track:4JPF8Te7Jo3AuI2vKqrRUV"
    },
    {
      "artist": "Kendrick Lamar",
      "album": "Mr. Morale & The Big Steppers",
      "track": "Mother I Sober (feat. Beth Gibbons of Portishead)",
      "uri": "spotify:track:346SJSEbB6pNZMpwovxDiu"
    },
    {
      "artist": "SZA",
      "album": "SOS",
      "track": "Blind",
      "uri": "spotify:track:2CSRrnOEELmhpq8iaAi9cd"
    },
    {
      "artist": "Michael Kiwanuka",
      "album": "Home Again",
      "track": "Bones",
      "uri": "spotify:track:1r0YmhJ6BxgItlDNzYRENK"
    },
    {
      "artist": "Caroline Polachek",
      "album": "Desire, I Want To Turn Into You",
      "track": "Welcome To My Island",
      "uri": "spotify:track:4bp2wYweUPvsBrQfntdYcr"
    },
    {
      "artist": "EARTHGANG",
      "album": "GHETTO GODS",
      "track": "AMERICAN HORROR STORY",
      "uri": "spotify:track:35Bkow2JhxNfky5YplfMWo"
    },
    {
      "artist": "Lil Yachty",
      "album": "Let’s Start Here.",
      "track": "The Alchemist.",
      "uri": "spotify:track:3Hjvju1zzBXkkpUHvHk8Js"
    },
    {
      "artist": "Anderson .Paak",
      "album": "Malibu",
      "track": "The Bird",
      "uri": "spotify:track:7pamxApUs3CE8t7tKmUJ6Z"
    },
    {
      "artist": "Chloe x Halle",
      "album": "Ungodly Hour",
      "track": "Don't Make It Harder On Me",
      "uri": "spotify:track:1osZ4ByxDPk5JbUqnyBJ1v"
    },
    {
      "artist": "Brent Faiyaz",
      "album": "WASTELAND",
      "track": "ANGEL",
      "uri": "spotify:track:4mgSk2zxeT03FLtSlnzxwt"
    },
    {
      "artist": "Kali Uchis",
      "album": "I Wish you Roses",
      "track": "I Wish you Roses",
      "uri": "spotify:track:6BQrmjAgPfPTwILoFEK3Hd"
    },
    {
      "artist": "Anderson .Paak",
      "album": "Lockdown",
      "track": "Lockdown",
      "uri": "spotify:track:5oZps6mYqU5s7A4WjUZggJ"
    },
    {
      "artist": "Daniel Caesar",
      "album": "Freudian",
      "track": "Blessed",
      "uri": "spotify:track:0KyzXQhY2yzcb1FYCHkZc2"
    },
    {
      "artist": "Ms. Lauryn Hill",
      "album": "The Miseducation of Lauryn Hill",
      "track": "Forgive Them Father",
      "uri": "spotify:track:2RPhXg9D4JOkryUznL0aaB"
    },
    {
      "artist": "Denzel Curry",
      "album": "Melt My Eyez See Your Future",
      "track": "Troubles - Cold Blooded Soul Version",
      "uri": "spotify:track:2bwB8ZmkfOVKIF67cjEu0a"
    },
    {
      "artist": "Bruno Mars",
      "album": "An Evening With Silk Sonic",
      "track": "Leave The Door Open",
      "uri": "spotify:track:4pryE6cN2gFL1FVF5fYINl"
    },
    {
      "artist": "EARTHGANG",
      "album": "GHETTO GODS",
      "track": "AMEN (with Musiq Soulchild)",
      "uri": "spotify:track:6QTnYGzvy89vanUGSsyLEq"
    },
    {
      "artist": "Mac Miller",
      "album": "Swimming",
      "track": "Wings",
      "uri": "spotify:track:16umSNZfofRpDqTvf8DIAo"
    },
    {
      "artist": "SZA",
      "album": "Ctrl",
      "track": "Garden (Say It Like Dat)",
      "uri": "spotify:track:19woxaSpjOefa2JnAOoqW5"
    },
    {
      "artist": "Little Simz",
      "album": "Sometimes I Might Be Introvert",
      "track": "Two Worlds Apart",
      "uri": "spotify:track:34qvgmIagzNQdZTRL2poiv"
    },
    {
      "artist": "Doja Cat",
      "album": "Scarlet",
      "track": "Agora Hills",
      "uri": "spotify:track:7dJYggqjKo71KI9sLzqCs8"
    },
    {
      "artist": "Kendrick Lamar",
      "album": "Mr. Morale & The Big Steppers",
      "track": "Worldwide Steppers",
      "uri": "spotify:track:66mVPWmFvXPFf8pjK5ttOW"
    }
  ],
  "albums": [
    {
      "artist": "The Weeknd",
      "album": "After Hours",
      "uri": "spotify:album:4yP0hdKOZPNshxUOjY0cZj"
    },
    {
      "artist": "Kendrick Lamar",
      "album": "To Pimp A Butterfly",
      "uri": "spotify:album:7ycBtnsMtyVbbwTfJwRjSP"
    },
    {
      "artist": "Caroline Polachek",
      "album": "Desire, I Want To Turn Into You",
      "uri": "spotify:album:22PkV1Le9P3X4RY4xtmK0q"
    },
    {
      "artist": "Sampha",
      "album": "Process",
      "uri": "spotify:album:4fRcYn1zNOHY5LJXuRmJHI"
    },
    {
      "artist": "Lana Del Rey",
      "album": "Did you know that there's a tunnel under Ocean Blvd",
      "uri": "spotify:album:5HOHne1wzItQlIYmLXLYfZ"
    },
    {
      "artist": "Anderson .Paak",
      "album": "Oxnard",
      "uri": "spotify:album:3rqqwtJE89WoWvMyPTvbZc"
    },
    {
      "artist": "Denzel Curry",
      "album": "Melt My Eyez See Your Future",
      "uri": "spotify:album:7KtyUeiJidoZO0ybxBXw0Q"
    },
    {
      "artist": "Ari Lennox",
      "album": "age/sex/location",
      "uri": "spotify:album:7dE9Pf7HRgMOCeVSWnA9ZC"
    },
    {
      "artist": "Little Simz",
      "album": "NO THANK YOU",
      "uri": "spotify:album:57263zG8Md6XZ9lBUPPYCm"
    },
    {
      "artist": "Zach Bryan",
      "album": "Zach Bryan",
      "uri": "spotify:album:6PbnGueEO6LGodPfvNldYf"
    },
    {
      "artist": "Little Simz",
      "album": "GREY Area",
      "uri": "spotify:album:3Z8Df4ghTJ7afEWkurB2I1"
    },
    {
      "artist": "Summer Walker",
      "album": "Still Over It",
      "uri": "spotify:album:4lPqFAvgmG97pxyxQsyCQx"
    },
    {
      "artist": "Ms. Lauryn Hill",
      "album": "The Miseducation of Lauryn Hill",
      "uri": "spotify:album:1BZoqf8Zje5nGdwZhOjAtD"
    },
    {
      "artist": "Dijon",
      "album": "Absolutely",
      "uri": "spotify:album:4E691gbRgo2Zb6ToII2DWO"
    },
    {
      "artist": "Denzel Curry",
      "album": "Melt My Eyez See Your Future",
      "uri": "spotify:album:5eXL40WFKPjdCw0NZrRcJI"
    },
    {
      "artist": "Anderson .Paak",
      "album": "'Til It's Over",
      "uri": "spotify:album:7z4UqvGprXWpQ0wo8ldLDA"
    },
    {
      "artist": "Pusha T",
      "album": "It's Almost Dry",
      "uri": "spotify:album:6o38CdD7CUlZDCFhjZYLDH"
    },
    {
      "artist": "Smino",
      "album": "Luv 4 Rent",
      "uri": "spotify:album:6dtDTbVBQ9QwsNaqEnjsOT"
    },
    {
      "artist": "Chris Stapleton",
      "album": "Starting Over",
      "uri": "spotify:album:0sOeI7pbAmIc8aDFyvkBUW"
    },
    {
      "artist": "Kendrick Lamar",
      "album": "Mr. Morale & The Big Steppers",
      "uri": "spotify:album:79ONNoS4M9tfIA1mYLBYVX"
    },
    {
      "artist": "Daniel Caesar",
      "album": "Freudian",
      "uri": "spotify:album:3xybjP7r2VsWzwvDQipdM0"
    },
    {
      "artist": "FKA twigs",
      "album": "CAPRISONGS",
      "uri": "spotify:album:3G77BQuJy3jahjdkKQNNNM"
    },
    {
      "artist": "Kali Uchis",
      "album": "Isolation",
      "uri": "spotify:album:4EPQtdq6vvwxuYeQTrwDVY"
    },
    {
      "artist": "Lianne La Havas",
      "album": "Lianne La Havas",
      "uri": "spotify:album:1CqNrKEv2fhF7mudTXrydV"
    },
    {
      "artist": "Billie Eilish",
      "album": "WHEN WE ALL FALL ASLEEP, WHERE DO WE GO?",
      "uri": "spotify:album:0S0KGZnfBGSIssfF54WSJh"
    },
    {
      "artist": "NxWorries",
      "album": "Yes Lawd!",
      "uri": "spotify:album:0gpxUkqSnLwD50aaRir6jH"
    },
    {
      "artist": "Anderson .Paak",
      "album": "Malibu",
      "uri": "spotify:album:4VFG1DOuTeDMBjBLZT7hCK"
    },
    {
      "artist": "Anderson .Paak",
      "album": "Ventura",
      "uri": "spotify:album:0YF8PfcGbsKg5IaFyPnlyY"
    },
    {
      "artist": "Little Simz",
      "album": "Sometimes I Might Be Introvert",
      "uri": "spotify:album:4nOym5RKE8Opauf3rMxPAW"
    },
    {
      "artist": "Sudan Archives",
      "album": "Natural Brown Prom Queen",
      "uri": "spotify:album:1QSo9HgowUqAc5BI3AdkqN"
    },
    {
      "artist": "JID",
      "album": "The Forever Story",
      "uri": "spotify:album:4rJDCELWL0fjdmN9Gn4f4g"
    },
    {
      "artist": "Danger Mouse",
      "album": "Cheat Codes",
      "uri": "spotify:album:0rEbmIQjHTKzKraH4UqiDy"
    },
    {
      "artist": "Nas",
      "album": "King's Disease III",
      "uri": "spotify:album:3vQuGKQJMfdXmkjRKqUesk"
    },
    {
      "artist": "Sampha",
      "album": "Lahai",
      "uri": "spotify:album:5GuWww4OaildzkmTTlfMN3"
    },
    {
      "artist": "Bruno Mars",
      "album": "An Evening With Silk Sonic",
      "uri": "spotify:album:4VZ7jhV0wHpoNPCB7Vmiml"
    },
    {
      "artist": "Jazmine Sullivan",
      "album": "Heaux Tales, Mo' Tales: The Deluxe",
      "uri": "spotify:album:4cogt2uqKoSyL61tzWaQei"
    },
    {
      "artist": "Lil Yachty",
      "album": "Let’s Start Here.",
      "uri": "spotify:album:6Per97deaWqrJlKQNX8RGK"
    },
    {
      "artist": "Amber Mark",
      "album": "Three Dimensions Deep",
      "uri": "spotify:album:1S8KMYJE7raT6e6hfPRLUU"
    },
    {
      "artist": "Dua Lipa",
      "album": "Future Nostalgia",
      "uri": "spotify:album:5lKlFlReHOLShQKyRv6AL9"
    },
    {
      "artist": "Kali Uchis",
      "album": "Red Moon In Venus",
      "uri": "spotify:album:5OZ44LaqZbpP3m9B3oT8br"
    },
    {
      "artist": "Yola",
      "album": "Stand For Myself",
      "uri": "spotify:album:1aF9Xjtg1d1wwsE4hRAkQV"
    },
    {
      "artist": "Mac Miller",
      "album": "Swimming",
      "uri": "spotify:album:5wtE5aLX5r7jOosmPhJhhk"
    },
    {
      "artist": "Beyoncé",
      "album": "RENAISSANCE",
      "uri": "spotify:album:6FJxoadUE4JNVwWHghBwnb"
    },
    {
      "artist": "Michael Kiwanuka",
      "album": "KIWANUKA",
      "uri": "spotify:album:1yIqauTni1V7l7djYAKSsZ"
    },
    {
      "artist": "Chloe x Halle",
      "album": "Ungodly Hour",
      "uri": "spotify:album:2HIaUwS0PTUeqFFYHBBGAN"
    },
    {
      "artist": "Billie Eilish",
      "album": "Happier Than Ever",
      "uri": "spotify:album:0JGOiO34nwfUdDrD612dOp"
    },
    {
      "artist": "Lupe Fiasco",
      "album": "DRILL MUSIC IN ZION",
      "uri": "spotify:album:0UennjqMxb1SAsaf7bsSwE"
    },
    {
      "artist": "SZA",
      "album": "SOS",
      "uri": "spotify:album:07w0rG5TETcyihsEIZR3qG"
    },
    {
      "artist": "Lianne La Havas",
      "album": "Blood",
      "uri": "spotify:album:0OyUgwL97FT5MWpBLqL6br"
    },
    {
      "artist": "Pusha T",
      "album": "DAYTONA",
      "uri": "spotify:album:07bIdDDe3I3hhWpxU6tuBp"
    },
    {
      "artist": "The Weeknd",
      "album": "Dawn FM",
      "uri": "spotify:album:2nLOHgzXzwFEpl62zAgCEC"
    },
    {
      "artist": "El Michels Affair",
      "album": "Glorious Game",
      "uri": "spotify:album:73IZHjXw93CWjWoDpmQ6Vy"
    }
  ],
  "shows": [
    {
      "name": "CHGO Chicago Cubs Podcast",
      "publisher": "ALLCITY Network",
      "uri": "spotify:show:63FCCvIBk2gMeu00DUtShY"
    },
    {
      "name": "Effectively Wild: A FanGraphs Baseball Podcast",
      "publisher": "Ben Lindbergh, Meg Rowley",
      "uri": "spotify:show:18kbXy9p0jHw3o8f2cQlCj"
    },
    {
      "name": "FanGraphs Audio",
      "publisher": "FanGraphs Audio",
      "uri": "spotify:show:3R6KCmhT0NXJv0tTe7nehw"
    },
    {
      "name": "FantasyPros - Fantasy Football Podcast",
      "publisher": "iHeartPodcasts",
      "uri": "spotify:show:1YM5ymt3vWVfdHzVAEzq2w"
    },
    {
      "name": "FiveThirtyEight Politics",
      "publisher": "ABC News, 538, FiveThirtyEight, Galen Druke",
      "uri": "spotify:show:3C0iP88KSoGZk5KNWmuyF1"
    },
    {
      "name": "Money Guy Show",
      "publisher": "Brian Preston, CPA, CFP®, PFS and Bo Hanson, CFA, CFP® | Fee-Only Fiduciary Advisors",
      "uri": "spotify:show:0W7lo4UBMghDAdrTBCTXXW"
    },
    {
      "name": "Onto Waveland: A show about the Chicago Cubs",
      "publisher": "The Athletic",
      "uri": "spotify:show:5CiSUMIQc9DT9YDWgUy2Tc"
    },
    {
      "name": "Plain English with Derek Thompson",
      "publisher": "The Ringer",
      "uri": "spotify:show:3fQkNGzE1mBF1VrxVTY0oo"
    },
    {
      "name": "The Ezra Klein Show",
      "publisher": "New York Times Opinion",
      "uri": "spotify:show:3oB5noYIwEB2dMAREj2F7S"
    },
    {
      "name": "The Weeds",
      "publisher": "Vox",
      "uri": "spotify:show:1vSUO6Bg4abtjRF7fnGpT1"
    },
    {
      "name": "Up First",
      "publisher": "NPR",
      "uri": "spotify:show:2mTUnDkuKUkhiueKcVWoP0"
    },
    {
      "name": "theScore Fantasy Football Podcast with Justin Boone",
      "publisher": "Score Media and Gaming",
      "uri": "spotify:show:3rBmWfPjXvoCR3LYGbFA5F"
    }
  ],
  "episodes": [
  ],
  "bannedTracks": [
  ],
  "artists": [
    {
      "name": "Amber Mark",
      "uri": "spotify:artist:0tbeZu9lv8YEKSQ9tZSslu"
    },
    {
      "name": "Anderson .Paak",
      "uri": "spotify:artist:3jK9MiCrA42lLAdMGUZpwa"
    },
    {
      "name": "Ari Lennox",
      "uri": "spotify:artist:1vaQ6v3pOFxAIrFoPrAcom"
    },
    {
      "name": "Beyoncé",
      "uri": "spotify:artist:6vWDO969PvNqNYHIOW5v0m"
    },
    {
      "name": "Billie Eilish",
      "uri": "spotify:artist:6qqNVTkY8uBg9cP3Jd7DAH"
    },
    {
      "name": "Bruno Mars",
      "uri": "spotify:artist:0du5cEVh5yTK9QJze8zA0C"
    },
    {
      "name": "Chloe x Halle",
      "uri": "spotify:artist:0AsThoR4KZSVktALiNcQwW"
    },
    {
      "name": "Chris Stapleton",
      "uri": "spotify:artist:4YLtscXsxbVgi031ovDDdh"
    },
    {
      "name": "Daniel Caesar",
      "uri": "spotify:artist:20wkVLutqVOYrc0kxFs7rA"
    },
    {
      "name": "Denzel Curry",
      "uri": "spotify:artist:6fxyWrfmjcbj5d12gXeiNV"
    },
    {
      "name": "Dijon",
      "uri": "spotify:artist:0knGpCTbmG4ctl1wzYRZs4"
    },
    {
      "name": "Doja Cat",
      "uri": "spotify:artist:5cj0lLjcoR7YOSnhnX0Po5"
    },
    {
      "name": "Dua Lipa",
      "uri": "spotify:artist:6M2wZ9GZgrQXHCFfjv46we"
    },
    {
      "name": "JID",
      "uri": "spotify:artist:6U3ybJ9UHNKEdsH7ktGBZ7"
    },
    {
      "name": "Jazmine Sullivan",
      "uri": "spotify:artist:7gSjFKpVmDgC2MMsnN8CYq"
    },
    {
      "name": "Kali Uchis",
      "uri": "spotify:artist:1U1el3k54VvEUzo3ybLPlM"
    },
    {
      "name": "Kendrick Lamar",
      "uri": "spotify:artist:2YZyLoL8N0Wb9xBt1NhZWg"
    },
    {
      "name": "Lianne La Havas",
      "uri": "spotify:artist:2RP4pPHTXlQpDnO9LvR7Yt"
    },
    {
      "name": "Little Simz",
      "uri": "spotify:artist:6eXZu6O7nAUA5z6vLV8NKI"
    },
    {
      "name": "Lupe Fiasco",
      "uri": "spotify:artist:01QTIT5P1pFP3QnnFSdsJf"
    },
    {
      "name": "Mac Miller",
      "uri": "spotify:artist:4LLpKhyESsyAXpc4laK94U"
    },
    {
      "name": "Michael Kiwanuka",
      "uri": "spotify:artist:0bzfPKdbXL5ezYW2z3UGQj"
    },
    {
      "name": "Ms. Lauryn Hill",
      "uri": "spotify:artist:2Mu5NfyYm8n5iTomuKAEHl"
    },
    {
      "name": "Nas",
      "uri": "spotify:artist:20qISvAhX20dpIbOOzGK3q"
    },
    {
      "name": "NxWorries",
      "uri": "spotify:artist:6PEMFpe3PTOksdV4ZXUpbE"
    },
    {
      "name": "Pusha T",
      "uri": "spotify:artist:0ONHkAv9pCAFxb0zJwDNTy"
    },
    {
      "name": "RadPanda",
      "uri": "spotify:artist:0yzaDhm8ZyVhc0RE7VoM2n"
    },
    {
      "name": "SZA",
      "uri": "spotify:artist:7tYKF4w9nC0nq9CsPZTHyP"
    },
    {
      "name": "Sampha",
      "uri": "spotify:artist:2WoVwexZuODvclzULjPQtm"
    },
    {
      "name": "Silk Sonic",
      "uri": "spotify:artist:6PvvGcCY2XtUcSRld1Wilr"
    },
    {
      "name": "Smino",
      "uri": "spotify:artist:1ybINI1qPiFbwDXamRtwxD"
    },
    {
      "name": "Sudan Archives",
      "uri": "spotify:artist:2MPHBxznH1fj59jbOWY38u"
    },
    {
      "name": "Summer Walker",
      "uri": "spotify:artist:57LYzLEk2LcFghVwuWbcuS"
    },
    {
      "name": "Zach Bryan",
      "uri": "spotify:artist:40ZNYROS4zLfyyBSs2PGe2"
    }
  ],
  "bannedArtists": [
    {
      "name": "GAYLE",
      "uri": "spotify:artist:2VSHKHBTiXWplO8lxcnUC9"
    }
  ],
  "other": [
  ]
}